ExperimentID,Serie,Modelo,Repeticao,ValMetric,MSE,RMSE,MAE,MAPE,theil,ARV,IA,POCID
chamados_v4_fs_rfembedded,airlines,1amv1rfembedded,0,14.591060,381.928533,19.542992,14.823898,3.253377,0.128836,0.063695,0.983638,78.571429
chamados_v4_fs_rfembedded,airlines,1amv1rfembedded,1,14.591060,384.645475,19.612381,14.651994,3.221801,0.127845,0.064251,0.983506,78.571429
chamados_v4_fs_rfembedded,airlines,1amv1rfembedded,2,14.591060,362.409787,19.037064,14.986201,3.334959,0.130570,0.061196,0.984388,78.571429
chamados_v4_fs_rfembedded,airlines,1amv1rfembedded,3,14.591060,376.753097,19.410129,14.703490,3.231459,0.125998,0.062263,0.983938,78.571429
chamados_v4_fs_rfembedded,airlines,1amv1rfembedded,4,14.591060,380.519682,19.506914,14.765665,3.238208,0.128394,0.063445,0.983701,78.571429
chamados_v4_fs_rfembedded,airlines,1amv1rfembedded,5,14.591060,385.913905,19.644692,14.926314,3.274558,0.129079,0.064281,0.983474,78.571429
chamados_v4_fs_rfembedded,airlines,1amv1rfembedded,6,14.591060,351.460018,18.747267,14.122023,3.098921,0.119562,0.057898,0.985057,78.571429
chamados_v4_fs_rfembedded,airlines,1amv1rfembedded,7,14.591060,380.181243,19.498237,14.479032,3.185326,0.127338,0.063454,0.983707,78.571429
chamados_v4_fs_rfembedded,airlines,1amv1rfembedded,8,14.591060,380.982388,19.518770,14.523351,3.196840,0.127716,0.063651,0.983664,78.571429
chamados_v4_fs_rfembedded,airlines,1amv1rfembedded,9,14.591060,383.067590,19.572113,14.867393,3.261237,0.128364,0.063900,0.983586,78.571429
chamados_v4_fs_rfembedded,airlines,1arima,0,,389.194049,19.728002,15.102607,3.315326,0.134713,0.066301,0.983139,78.571429
chamados_v4_fs_rfembedded,austres,1amv1rfembedded,0,17.176033,420.247172,20.499931,15.338799,0.087667,0.148563,0.040468,0.989487,75.000000
chamados_v4_fs_rfembedded,austres,1amv1rfembedded,1,17.176033,353.122285,18.791548,13.963660,0.079870,0.129855,0.034572,0.991108,75.000000
chamados_v4_fs_rfembedded,austres,1amv1rfembedded,2,17.176033,358.122084,18.924114,13.712686,0.078393,0.129731,0.034905,0.990999,75.000000
chamados_v4_fs_rfembedded,austres,1amv1rfembedded,3,17.176033,352.746779,18.781554,13.645022,0.078020,0.128596,0.034456,0.991125,75.000000
chamados_v4_fs_rfembedded,austres,1amv1rfembedded,4,17.176033,357.142151,18.898205,13.643678,0.078000,0.129410,0.034815,0.991023,75.000000
chamados_v4_fs_rfembedded,austres,1amv1rfembedded,5,17.176033,364.887613,19.102032,14.022654,0.080161,0.131594,0.035500,0.990836,75.000000
chamados_v4_fs_rfembedded,austres,1amv1rfembedded,6,17.176033,358.801265,18.942050,13.747374,0.078591,0.129892,0.034963,0.990983,75.000000
chamados_v4_fs_rfembedded,austres,1amv1rfembedded,7,17.176033,368.699666,19.201554,14.161524,0.080953,0.132698,0.035839,0.990744,75.000000
chamados_v4_fs_rfembedded,austres,1amv1rfembedded,8,17.176033,355.714213,18.860387,14.089734,0.080600,0.131144,0.034841,0.991041,75.000000
chamados_v4_fs_rfembedded,austres,1amv1rfembedded,9,17.176033,388.807889,19.718212,14.719609,0.084136,0.138859,0.037647,0.990253,75.000000
chamados_v4_fs_rfembedded,austres,1arima,0,,358.130880,18.924346,13.710292,0.078380,0.129713,0.034904,0.990999,75.000000
chamados_v4_fs_rfembedded,coloradoRiver,1amv1rfembedded,0,0.685138,0.101171,0.318073,0.256418,28.210363,0.684405,0.709986,0.666921,50.000000
chamados_v4_fs_rfembedded,coloradoRiver,1amv1rfembedded,1,0.685138,0.095423,0.308906,0.251632,27.660948,0.753250,0.685873,0.682014,52.702703
chamados_v4_fs_rfembedded,coloradoRiver,1amv1rfembedded,2,0.685138,0.107110,0.327276,0.263773,28.857045,0.737193,0.700051,0.664997,56.756757
chamados_v4_fs_rfembedded,coloradoRiver,1amv1rfembedded,3,0.685138,0.090695,0.301156,0.244874,27.001513,0.721421,0.687614,0.687182,55.405405
chamados_v4_fs_rfembedded,coloradoRiver,1amv1rfembedded,4,0.685138,0.100449,0.316937,0.258648,28.395744,0.766265,0.695781,0.672934,51.351351
chamados_v4_fs_rfembedded,coloradoRiver,1amv1rfembedded,5,0.685138,0.096396,0.310477,0.252973,27.778990,0.767885,0.683885,0.681942,52.702703
chamados_v4_fs_rfembedded,coloradoRiver,1amv1rfembedded,6,0.685138,0.102570,0.320265,0.261477,28.651408,0.808889,0.690697,0.672895,52.702703
chamados_v4_fs_rfembedded,coloradoRiver,1amv1rfembedded,7,0.685138,0.106815,0.326825,0.266104,29.132284,0.779751,0.698546,0.665403,51.351351
chamados_v4_fs_rfembedded,coloradoRiver,1amv1rfembedded,8,0.685138,0.111463,0.333861,0.270811,29.572905,0.773419,0.701552,0.660318,52.702703
chamados_v4_fs_rfembedded,coloradoRiver,1amv1rfembedded,9,0.685138,0.111339,0.333675,0.270173,29.512249,0.761089,0.702966,0.659711,52.702703
chamados_v4_fs_rfembedded,coloradoRiver,1arima,0,,0.104961,0.323976,0.262984,28.817193,0.755655,0.698832,0.667249,52.702703
chamados_v4_fs_rfembedded,samurec,1amv1rfembedded,0,7.326822,48.178009,6.941038,5.757722,19.990201,41.498728,31.504112,0.216106,61.864407
chamados_v4_fs_rfembedded,samurec,1amv1rfembedded,1,7.326822,47.727933,6.908541,5.729533,19.857458,28.901164,26.153681,0.239344,62.711864
chamados_v4_fs_rfembedded,samurec,1amv1rfembedded,2,7.326822,48.159437,6.939700,5.763612,20.021479,46.686836,34.701316,0.207661,57.627119
chamados_v4_fs_rfembedded,samurec,1amv1rfembedded,3,7.326822,48.643050,6.974457,5.775638,20.061954,53.898495,32.479818,0.207506,54.237288
chamados_v4_fs_rfembedded,samurec,1amv1rfembedded,4,7.326822,47.290140,6.876783,5.688372,19.687202,26.661125,25.999333,0.246782,60.169492
chamados_v4_fs_rfembedded,samurec,1amv1rfembedded,5,7.326822,48.251326,6.946317,5.769409,20.045198,49.156259,34.372880,0.207864,58.474576
chamados_v4_fs_rfembedded,samurec,1amv1rfembedded,6,7.326822,47.413235,6.885727,5.701300,19.747774,29.848279,25.740591,0.247522,61.016949
chamados_v4_fs_rfembedded,samurec,1amv1rfembedded,7,7.326822,48.152347,6.939189,5.766781,20.027721,46.218602,33.229296,0.209752,58.474576
chamados_v4_fs_rfembedded,samurec,1amv1rfembedded,8,7.326822,48.344395,6.953013,5.762561,20.006122,42.438296,30.558542,0.215618,59.322034
chamados_v4_fs_rfembedded,samurec,1amv1rfembedded,9,7.326822,48.844793,6.988905,5.839471,20.263471,34.506063,31.851352,0.196005,61.864407
chamados_v4_fs_rfembedded,samurec,1arima,0,,48.481589,6.962872,5.858474,20.580083,28.356862,34.562540,0.193628,64.406780
chamados_v4_fs_rfembedded,sunspot,1amv1rfembedded,0,22.659073,359.095311,18.949810,15.463994,39.545562,0.330262,0.195668,0.951540,60.714286
chamados_v4_fs_rfembedded,sunspot,1amv1rfembedded,1,22.659073,359.151954,18.951305,15.483388,39.570636,0.328729,0.195006,0.951617,60.714286
chamados_v4_fs_rfembedded,sunspot,1amv1rfembedded,2,22.659073,359.691383,18.965531,15.466242,39.486654,0.329323,0.196435,0.951404,60.714286
chamados_v4_fs_rfembedded,sunspot,1amv1rfembedded,3,22.659073,359.023776,18.947923,15.481555,39.641788,0.328888,0.195327,0.951587,60.714286
chamados_v4_fs_rfembedded,sunspot,1amv1rfembedded,4,22.659073,357.652464,18.911702,15.365882,39.209333,0.336187,0.196343,0.951569,60.714286
chamados_v4_fs_rfembedded,sunspot,1amv1rfembedded,5,22.659073,359.149333,18.951236,15.427626,39.310497,0.331215,0.196579,0.951427,60.714286
chamados_v4_fs_rfembedded,sunspot,1amv1rfembedded,6,22.659073,359.801646,18.968438,15.442394,39.165538,0.328820,0.196208,0.951423,60.714286
chamados_v4_fs_rfembedded,sunspot,1amv1rfembedded,7,22.659073,359.684922,18.965361,15.493120,39.457648,0.326362,0.195197,0.951555,60.714286
chamados_v4_fs_rfembedded,sunspot,1amv1rfembedded,8,22.659073,357.940131,18.919306,15.377231,39.260337,0.335779,0.196413,0.951538,60.714286
chamados_v4_fs_rfembedded,sunspot,1amv1rfembedded,9,22.659073,358.613654,18.937097,15.493427,39.029592,0.332854,0.196562,0.951498,64.285714
chamados_v4_fs_rfembedded,sunspot,1arima,0,,365.478709,19.117497,15.719171,36.503112,0.346894,0.193887,0.951367,67.857143
chamados_v4_fs_rfembedded,windspeedfortaleza,1amv1rfembedded,0,0.396731,0.208426,0.456537,0.387711,13.502156,0.840624,0.382110,0.897694,50.000000
chamados_v4_fs_rfembedded,windspeedfortaleza,1amv1rfembedded,1,0.396731,0.211172,0.459535,0.391940,13.653782,0.846398,0.387000,0.896258,50.000000
chamados_v4_fs_rfembedded,windspeedfortaleza,1amv1rfembedded,2,0.396731,0.209140,0.457318,0.389016,13.568280,0.850852,0.386657,0.896854,50.000000
chamados_v4_fs_rfembedded,windspeedfortaleza,1amv1rfembedded,3,0.396731,0.197017,0.443866,0.368395,12.818672,0.823352,0.349524,0.905511,57.142857
chamados_v4_fs_rfembedded,windspeedfortaleza,1amv1rfembedded,4,0.396731,0.214615,0.463266,0.398401,13.973354,0.829783,0.397735,0.893681,50.000000
chamados_v4_fs_rfembedded,windspeedfortaleza,1amv1rfembedded,5,0.396731,0.208520,0.456640,0.389880,13.625889,0.854731,0.389705,0.896581,57.142857
chamados_v4_fs_rfembedded,windspeedfortaleza,1amv1rfembedded,6,0.396731,0.210127,0.458396,0.380164,13.090169,0.807481,0.359397,0.900605,57.142857
chamados_v4_fs_rfembedded,windspeedfortaleza,1amv1rfembedded,7,0.396731,0.209071,0.457242,0.388919,13.527676,0.833743,0.381049,0.897668,57.142857
chamados_v4_fs_rfembedded,windspeedfortaleza,1amv1rfembedded,8,0.396731,0.209435,0.457640,0.384173,13.348815,0.829325,0.375195,0.898424,57.142857
chamados_v4_fs_rfembedded,windspeedfortaleza,1amv1rfembedded,9,0.396731,0.201217,0.448572,0.373864,12.971442,0.822346,0.351951,0.904085,57.142857
chamados_v4_fs_rfembedded,windspeedfortaleza,1arima,0,,0.159223,0.399027,0.336684,11.585693,0.710406,0.282118,0.924855,57.142857
