Familia,Serie,Metodo_FS,Metrics_Source_File,Pkl_Source_Dir,Features_Source_File,NFeatures,Trivial,MSE_Baseline,MSE_FS,RMSE_Baseline,RMSE_FS,MAE_Baseline,MAE_FS,MAPE_Baseline,MAPE_FS,theil_Baseline,theil_FS,ARV_Baseline,ARV_FS,IA_Baseline,IA_FS,POCID_Baseline,POCID_FS,PctGain
ARIMA,airlines,sem_FS,results/baseline_metrics.csv,data/result/chamados/,,,False,389.194049,389.194049,19.728002,19.728002,15.102607,15.102607,3.315326,3.315326,0.134713,0.134713,0.066301,0.066301,0.983139,0.983139,78.571429,78.571429,0.000000
ARIMA,austres,sem_FS,results/baseline_metrics.csv,data/result/chamados/,,,True,358.130880,358.130880,18.924346,18.924346,13.710292,13.710292,0.078380,0.078380,0.129713,0.129713,0.034904,0.034904,0.990999,0.990999,75.000000,75.000000,0.000000
ARIMA,coloradoRiver,sem_FS,results/baseline_metrics.csv,data/result/chamados/,,,False,0.104961,0.104961,0.323976,0.323976,0.262984,0.262984,28.817193,28.817193,0.755655,0.755655,0.698832,0.698832,0.667249,0.667249,52.702703,52.702703,0.000000
ARIMA,samurec,sem_FS,results/baseline_metrics.csv,data/result/chamados/,,,False,48.481589,48.481589,6.962872,6.962872,5.858474,5.858474,20.580083,20.580083,28.356862,28.356862,34.562540,34.562540,0.193628,0.193628,64.406780,64.406780,0.000000
ARIMA,sunspot,sem_FS,results/baseline_metrics.csv,data/result/chamados/,,,False,365.478709,365.478709,19.117497,19.117497,15.719171,15.719171,36.503112,36.503112,0.346894,0.346894,0.193887,0.193887,0.951367,0.951367,67.857143,67.857143,0.000000
ARIMA,windspeedfortaleza,sem_FS,results/baseline_metrics.csv,data/result/chamados/,,,False,0.159223,0.159223,0.399027,0.399027,0.336684,0.336684,11.585693,11.585693,0.710406,0.710406,0.282118,0.282118,0.924855,0.924855,57.142857,57.142857,0.000000
MLP,airlines,sem_FS,results/baseline_metrics.csv,data/result/chamados/,,20.000000,False,785.157998,785.157998,27.697682,27.697682,23.468313,23.468313,5.109149,5.109149,0.418761,0.418761,0.127838,0.127838,0.966150,0.966150,80.714286,80.714286,0.000000
MLP,airlines,ftest,results/chamados_v4_fs_mlp_ftest/metrics.csv,data/result/chamados_v4_fs_mlp_ftest/,results/chamados_v4_fs_mlp_ftest/selected_features.csv,5.000000,False,785.157998,526.563091,27.697682,22.834106,23.468313,18.043386,5.109149,3.890972,0.418761,0.266140,0.127838,0.101261,0.966150,0.975719,80.714286,83.571429,17.559504
MLP,airlines,mutualinfo,results/chamados_v4_fs_mlp_mutualinfo/metrics.csv,data/result/chamados_v4_fs_mlp_mutualinfo/,results/chamados_v4_fs_mlp_mutualinfo/selected_features.csv,5.000000,False,785.157998,577.680321,27.697682,23.762792,23.468313,19.830054,5.109149,4.240383,0.418761,0.294873,0.127838,0.116857,0.966150,0.972537,80.714286,75.714286,14.206567
MLP,airlines,rfembedded,results/chamados_v4_fs_mlp_rfembedded/metrics.csv,data/result/chamados_v4_fs_mlp_rfembedded/,results/chamados_v4_fs_mlp_rfembedded/selected_features.csv,1.200000,False,785.157998,412.280282,27.697682,20.299955,23.468313,17.794681,5.109149,3.895369,0.418761,0.188977,0.127838,0.075442,0.966150,0.981480,80.714286,78.571429,26.708831
MLP,airlines,lasso,results/chamados_v4_fs_mlp_lasso/metrics.csv,data/result/chamados_v4_fs_mlp_lasso/,results/chamados_v4_fs_mlp_lasso/selected_features.csv,14.000000,False,785.157998,664.224509,27.697682,25.374612,23.468313,21.515463,5.109149,4.661564,0.418761,0.372568,0.127838,0.117412,0.966150,0.970265,80.714286,80.000000,8.387234
MLP,airlines,rfecv,results/chamados_v4_fs_mlp_rfecv/metrics.csv,data/result/chamados_v4_fs_mlp_rfecv/,results/chamados_v4_fs_mlp_rfecv/selected_features.csv,2.300000,False,785.157998,540.142524,27.697682,23.038989,23.468313,19.479041,5.109149,4.125818,0.418761,0.288015,0.127838,0.112939,0.966150,0.973975,80.714286,78.571429,16.819792
MLP,austres,sem_FS,results/baseline_metrics.csv,data/result/chamados/,,1.000000,True,1274.920227,1274.920227,34.345553,34.345553,32.649616,32.649616,0.186429,0.186429,0.678508,0.678508,0.114228,0.114228,0.968480,0.968480,87.500000,87.500000,0.000000
MLP,austres,ftest,results/chamados_v4_fs_mlp_ftest/metrics.csv,data/result/chamados_v4_fs_mlp_ftest/,results/chamados_v4_fs_mlp_ftest/selected_features.csv,1.000000,True,1274.920227,12049.829395,34.345553,56.466572,32.649616,54.113206,0.186429,0.308944,0.678508,12.737530,0.114228,0.156314,0.968480,0.922499,87.500000,87.500000,-64.407229
MLP,austres,mutualinfo,results/chamados_v4_fs_mlp_mutualinfo/metrics.csv,data/result/chamados_v4_fs_mlp_mutualinfo/,results/chamados_v4_fs_mlp_mutualinfo/selected_features.csv,1.000000,True,1274.920227,12049.829395,34.345553,56.466572,32.649616,54.113206,0.186429,0.308944,0.678508,12.737530,0.114228,0.156314,0.968480,0.922499,87.500000,87.500000,-64.407229
MLP,austres,rfembedded,results/chamados_v4_fs_mlp_rfembedded/metrics.csv,data/result/chamados_v4_fs_mlp_rfembedded/,results/chamados_v4_fs_mlp_rfembedded/selected_features.csv,1.000000,True,1274.920227,12049.829395,34.345553,56.466572,32.649616,54.113206,0.186429,0.308944,0.678508,12.737530,0.114228,0.156314,0.968480,0.922499,87.500000,87.500000,-64.407229
MLP,austres,lasso,results/chamados_v4_fs_mlp_lasso/metrics.csv,data/result/chamados_v4_fs_mlp_lasso/,results/chamados_v4_fs_mlp_lasso/selected_features.csv,1.000000,True,1274.920227,12049.829395,34.345553,56.466572,32.649616,54.113206,0.186429,0.308944,0.678508,12.737530,0.114228,0.156314,0.968480,0.922499,87.500000,87.500000,-64.407229
MLP,austres,rfecv,results/chamados_v4_fs_mlp_rfecv/metrics.csv,data/result/chamados_v4_fs_mlp_rfecv/,results/chamados_v4_fs_mlp_rfecv/selected_features.csv,1.000000,True,1274.920227,12049.829395,34.345553,56.466572,32.649616,54.113206,0.186429,0.308944,0.678508,12.737530,0.114228,0.156314,0.968480,0.922499,87.500000,87.500000,-64.407229
MLP,coloradoRiver,sem_FS,results/baseline_metrics.csv,data/result/chamados/,,16.000000,False,0.051206,0.051206,0.224816,0.224816,0.194957,0.194957,26.096435,26.096435,2.781494,2.781494,0.816453,0.816453,0.726404,0.726404,71.081081,71.081081,0.000000
MLP,coloradoRiver,ftest,results/chamados_v4_fs_mlp_ftest/metrics.csv,data/result/chamados_v4_fs_mlp_ftest/,results/chamados_v4_fs_mlp_ftest/selected_features.csv,9.000000,False,0.051206,0.022213,0.224816,0.148933,0.194957,0.119581,26.096435,15.988438,2.781494,1.483731,0.816453,0.748082,0.726404,0.831817,71.081081,65.405405,33.753066
MLP,coloradoRiver,mutualinfo,results/chamados_v4_fs_mlp_mutualinfo/metrics.csv,data/result/chamados_v4_fs_mlp_mutualinfo/,results/chamados_v4_fs_mlp_mutualinfo/selected_features.csv,1.000000,False,0.051206,0.062383,0.224816,0.249057,0.194957,0.210589,26.096435,28.346072,2.781494,3.430918,0.816453,1.216929,0.726404,0.630314,71.081081,48.648649,-10.782843
MLP,coloradoRiver,rfembedded,results/chamados_v4_fs_mlp_rfembedded/metrics.csv,data/result/chamados_v4_fs_mlp_rfembedded/,results/chamados_v4_fs_mlp_rfembedded/selected_features.csv,2.000000,False,0.051206,0.017998,0.224816,0.134155,0.194957,0.109785,26.096435,14.043796,2.781494,1.306642,0.816453,0.753989,0.726404,0.854712,71.081081,64.459459,40.326459
MLP,coloradoRiver,lasso,results/chamados_v4_fs_mlp_lasso/metrics.csv,data/result/chamados_v4_fs_mlp_lasso/,results/chamados_v4_fs_mlp_lasso/selected_features.csv,7.000000,False,0.051206,0.031357,0.224816,0.177031,0.194957,0.146841,26.096435,20.025270,2.781494,1.980216,0.816453,0.787177,0.726404,0.785626,71.081081,69.324324,21.254825
MLP,coloradoRiver,rfecv,results/chamados_v4_fs_mlp_rfecv/metrics.csv,data/result/chamados_v4_fs_mlp_rfecv/,results/chamados_v4_fs_mlp_rfecv/selected_features.csv,8.700000,False,0.051206,0.027285,0.224816,0.163758,0.194957,0.134845,26.096435,18.092766,2.781494,1.764704,0.816453,0.778876,0.726404,0.808082,71.081081,70.270270,27.158900
MLP,samurec,sem_FS,results/baseline_metrics.csv,data/result/chamados/,,15.000000,False,48.565619,48.565619,6.968888,6.968888,5.691891,5.691891,19.365142,19.365142,18.876833,18.876833,17.436319,17.436319,0.277714,0.277714,61.016949,61.016949,0.000000
MLP,samurec,ftest,results/chamados_v4_fs_mlp_ftest/metrics.csv,data/result/chamados_v4_fs_mlp_ftest/,results/chamados_v4_fs_mlp_ftest/selected_features.csv,9.000000,False,48.565619,48.622883,6.968888,6.972986,5.691891,5.688047,19.365142,19.346683,18.876833,20.673587,17.436319,17.475164,0.277714,0.280997,61.016949,59.322034,-0.058800
MLP,samurec,mutualinfo,results/chamados_v4_fs_mlp_mutualinfo/metrics.csv,data/result/chamados_v4_fs_mlp_mutualinfo/,results/chamados_v4_fs_mlp_mutualinfo/selected_features.csv,1.000000,False,48.565619,50.853874,6.968888,7.131151,5.691891,5.675355,19.365142,19.059705,18.876833,4695.427493,17.436319,21.979182,0.277714,0.255230,61.016949,46.864407,-2.328398
MLP,samurec,rfembedded,results/chamados_v4_fs_mlp_rfembedded/metrics.csv,data/result/chamados_v4_fs_mlp_rfembedded/,results/chamados_v4_fs_mlp_rfembedded/selected_features.csv,6.100000,False,48.565619,48.064423,6.968888,6.932775,5.691891,5.627311,19.365142,19.102207,18.876833,18.998216,17.436319,17.585041,0.277714,0.286989,61.016949,60.338983,0.518207
MLP,samurec,lasso,results/chamados_v4_fs_mlp_lasso/metrics.csv,data/result/chamados_v4_fs_mlp_lasso/,results/chamados_v4_fs_mlp_lasso/selected_features.csv,7.000000,False,48.565619,48.778804,6.968888,6.984176,5.691891,5.686066,19.365142,19.311039,18.876833,19.144689,17.436319,16.943138,0.277714,0.284048,61.016949,64.067797,-0.219373
MLP,samurec,rfecv,results/chamados_v4_fs_mlp_rfecv/metrics.csv,data/result/chamados_v4_fs_mlp_rfecv/,results/chamados_v4_fs_mlp_rfecv/selected_features.csv,14.100000,False,48.565619,48.518824,6.968888,6.965501,5.691891,5.673816,19.365142,19.302862,18.876833,18.595929,17.436319,17.230594,0.277714,0.281604,61.016949,60.847458,0.048595
MLP,sunspot,sem_FS,results/baseline_metrics.csv,data/result/chamados/,,9.000000,False,292.279720,292.279720,17.082453,17.082453,13.948240,13.948240,34.942797,34.942797,0.345803,0.345803,0.170818,0.170818,0.959419,0.959419,75.357143,75.357143,0.000000
MLP,sunspot,ftest,results/chamados_v4_fs_mlp_ftest/metrics.csv,data/result/chamados_v4_fs_mlp_ftest/,results/chamados_v4_fs_mlp_ftest/selected_features.csv,9.000000,False,292.279720,300.161707,17.082453,17.320032,13.948240,13.933414,34.942797,35.324712,0.345803,0.333300,0.170818,0.171527,0.959419,0.958740,75.357143,73.214286,-1.390775
MLP,sunspot,mutualinfo,results/chamados_v4_fs_mlp_mutualinfo/metrics.csv,data/result/chamados_v4_fs_mlp_mutualinfo/,results/chamados_v4_fs_mlp_mutualinfo/selected_features.csv,9.000000,False,292.279720,300.161707,17.082453,17.320032,13.948240,13.933414,34.942797,35.324712,0.345803,0.333300,0.170818,0.171527,0.959419,0.958740,75.357143,73.214286,-1.390775
MLP,sunspot,rfembedded,results/chamados_v4_fs_mlp_rfembedded/metrics.csv,data/result/chamados_v4_fs_mlp_rfembedded/,results/chamados_v4_fs_mlp_rfembedded/selected_features.csv,1.000000,False,292.279720,754.854388,17.082453,27.474605,13.948240,21.587084,34.942797,49.947606,0.345803,1.287161,0.170818,0.514914,0.959419,0.882936,75.357143,71.428571,-60.835246
MLP,sunspot,lasso,results/chamados_v4_fs_mlp_lasso/metrics.csv,data/result/chamados_v4_fs_mlp_lasso/,results/chamados_v4_fs_mlp_lasso/selected_features.csv,6.000000,False,292.279720,285.560287,17.082453,16.895249,13.948240,13.521579,34.942797,34.973078,0.345803,0.324666,0.170818,0.164783,0.959419,0.960674,75.357143,74.285714,1.095883
MLP,sunspot,rfecv,results/chamados_v4_fs_mlp_rfecv/metrics.csv,data/result/chamados_v4_fs_mlp_rfecv/,results/chamados_v4_fs_mlp_rfecv/selected_features.csv,7.100000,False,292.279720,295.134745,17.082453,17.175247,13.948240,13.406314,34.942797,34.653600,0.345803,0.368700,0.170818,0.171632,0.959419,0.959142,75.357143,76.071429,-0.543210
MLP,windspeedfortaleza,sem_FS,results/baseline_metrics.csv,data/result/chamados/,,20.000000,False,0.147675,0.147675,0.384273,0.384273,0.308206,0.308206,10.658468,10.658468,0.678409,0.678409,0.242288,0.242288,0.933633,0.933633,64.285714,64.285714,0.000000
MLP,windspeedfortaleza,ftest,results/chamados_v4_fs_mlp_ftest/metrics.csv,data/result/chamados_v4_fs_mlp_ftest/,results/chamados_v4_fs_mlp_ftest/selected_features.csv,5.000000,False,0.147675,0.184583,0.384273,0.429627,0.308206,0.374721,10.658468,13.315008,0.678409,1.061616,0.242288,0.429372,0.933633,0.899182,64.285714,56.428571,-11.802637
MLP,windspeedfortaleza,mutualinfo,results/chamados_v4_fs_mlp_mutualinfo/metrics.csv,data/result/chamados_v4_fs_mlp_mutualinfo/,results/chamados_v4_fs_mlp_mutualinfo/selected_features.csv,5.000000,False,0.147675,0.184583,0.384273,0.429627,0.308206,0.374721,10.658468,13.315008,0.678409,1.061616,0.242288,0.429372,0.933633,0.899182,64.285714,56.428571,-11.802637
MLP,windspeedfortaleza,rfembedded,results/chamados_v4_fs_mlp_rfembedded/metrics.csv,data/result/chamados_v4_fs_mlp_rfembedded/,results/chamados_v4_fs_mlp_rfembedded/selected_features.csv,3.600000,False,0.147675,0.182779,0.384273,0.427487,0.308206,0.370133,10.658468,13.699663,0.678409,1.627276,0.242288,0.535729,0.933633,0.889667,64.285714,57.142857,-11.245674
MLP,windspeedfortaleza,lasso,results/chamados_v4_fs_mlp_lasso/metrics.csv,data/result/chamados_v4_fs_mlp_lasso/,results/chamados_v4_fs_mlp_lasso/selected_features.csv,8.000000,False,0.147675,0.140475,0.384273,0.374784,0.308206,0.305066,10.658468,11.202275,0.678409,0.879278,0.242288,0.285807,0.933633,0.929596,64.285714,70.714286,2.469401
MLP,windspeedfortaleza,rfecv,results/chamados_v4_fs_mlp_rfecv/metrics.csv,data/result/chamados_v4_fs_mlp_rfecv/,results/chamados_v4_fs_mlp_rfecv/selected_features.csv,14.900000,False,0.147675,0.145888,0.384273,0.381280,0.308206,0.311011,10.658468,10.895997,0.678409,0.713250,0.242288,0.255636,0.933633,0.932081,64.285714,67.142857,0.778836
SVR,airlines,sem_FS,results/baseline_metrics.csv,data/result/chamados/,,20.000000,False,375.843583,375.843583,19.386686,19.386686,13.856390,13.856390,3.111161,3.111161,0.118322,0.118322,0.053837,0.053837,0.985155,0.985155,78.571429,78.571429,0.000000
SVR,airlines,ftest,results/chamados_v4_fs_svr_ftest/metrics.csv,data/result/chamados_v4_fs_svr_ftest/,results/chamados_v4_fs_svr_ftest/selected_features.csv,20.000000,False,375.843583,375.843583,19.386686,19.386686,13.856390,13.856390,3.111161,3.111161,0.118322,0.118322,0.053837,0.053837,0.985155,0.985155,78.571429,78.571429,0.000000
SVR,airlines,mutualinfo,results/chamados_v4_fs_svr_mutualinfo/metrics.csv,data/result/chamados_v4_fs_svr_mutualinfo/,results/chamados_v4_fs_svr_mutualinfo/selected_features.csv,20.000000,False,375.843583,375.843583,19.386686,19.386686,13.856390,13.856390,3.111161,3.111161,0.118322,0.118322,0.053837,0.053837,0.985155,0.985155,78.571429,78.571429,0.000000
SVR,airlines,rfembedded,results/chamados_v4_fs_svr_rfembedded/metrics.csv,data/result/chamados_v4_fs_svr_rfembedded/,results/chamados_v4_fs_svr_rfembedded/selected_features.csv,1.000000,False,375.843583,487.318681,19.386686,22.075296,13.856390,17.064763,3.111161,3.766437,0.118322,0.140962,0.053837,0.076976,0.985155,0.979615,78.571429,78.571429,-13.868332
SVR,airlines,lasso,results/chamados_v4_fs_svr_lasso/metrics.csv,data/result/chamados_v4_fs_svr_lasso/,results/chamados_v4_fs_svr_lasso/selected_features.csv,7.000000,False,375.843583,502.715697,19.386686,22.421322,13.856390,18.954716,3.111161,4.166817,0.118322,0.160965,0.053837,0.087618,0.985155,0.977858,78.571429,71.428571,-15.653200
SVR,airlines,rfecv,results/chamados_v4_fs_svr_rfecv/metrics.csv,data/result/chamados_v4_fs_svr_rfecv/,results/chamados_v4_fs_svr_rfecv/selected_features.csv,2.000000,False,375.843583,722.398903,19.386686,26.877479,13.856390,21.750341,3.111161,4.539690,0.118322,0.220682,0.053837,0.116438,0.985155,0.969151,78.571429,78.571429,-38.638857
SVR,austres,sem_FS,results/baseline_metrics.csv,data/result/chamados/,,1.000000,True,193.564723,193.564723,13.912754,13.912754,10.314447,10.314447,0.058814,0.058814,0.081070,0.081070,0.018572,0.018572,0.995194,0.995194,87.500000,87.500000,0.000000
SVR,austres,ftest,results/chamados_v4_fs_svr_ftest/metrics.csv,data/result/chamados_v4_fs_svr_ftest/,results/chamados_v4_fs_svr_ftest/selected_features.csv,1.000000,True,193.564723,193.564723,13.912754,13.912754,10.314447,10.314447,0.058814,0.058814,0.081070,0.081070,0.018572,0.018572,0.995194,0.995194,87.500000,87.500000,0.000000
SVR,austres,mutualinfo,results/chamados_v4_fs_svr_mutualinfo/metrics.csv,data/result/chamados_v4_fs_svr_mutualinfo/,results/chamados_v4_fs_svr_mutualinfo/selected_features.csv,1.000000,True,193.564723,193.564723,13.912754,13.912754,10.314447,10.314447,0.058814,0.058814,0.081070,0.081070,0.018572,0.018572,0.995194,0.995194,87.500000,87.500000,0.000000
SVR,austres,rfembedded,results/chamados_v4_fs_svr_rfembedded/metrics.csv,data/result/chamados_v4_fs_svr_rfembedded/,results/chamados_v4_fs_svr_rfembedded/selected_features.csv,1.000000,True,193.564723,193.564723,13.912754,13.912754,10.314447,10.314447,0.058814,0.058814,0.081070,0.081070,0.018572,0.018572,0.995194,0.995194,87.500000,87.500000,0.000000
SVR,austres,lasso,results/chamados_v4_fs_svr_lasso/metrics.csv,data/result/chamados_v4_fs_svr_lasso/,results/chamados_v4_fs_svr_lasso/selected_features.csv,1.000000,True,193.564723,193.564723,13.912754,13.912754,10.314447,10.314447,0.058814,0.058814,0.081070,0.081070,0.018572,0.018572,0.995194,0.995194,87.500000,87.500000,0.000000
SVR,austres,rfecv,results/chamados_v4_fs_svr_rfecv/metrics.csv,data/result/chamados_v4_fs_svr_rfecv/,results/chamados_v4_fs_svr_rfecv/selected_features.csv,1.000000,True,193.564723,193.564723,13.912754,13.912754,10.314447,10.314447,0.058814,0.058814,0.081070,0.081070,0.018572,0.018572,0.995194,0.995194,87.500000,87.500000,0.000000
SVR,coloradoRiver,sem_FS,results/baseline_metrics.csv,data/result/chamados/,,16.000000,False,0.016025,0.016025,0.126589,0.126589,0.101081,0.101081,12.764909,12.764909,0.866543,0.866543,0.604624,0.604624,0.878231,0.878231,67.567568,67.567568,0.000000
SVR,coloradoRiver,ftest,results/chamados_v4_fs_svr_ftest/metrics.csv,data/result/chamados_v4_fs_svr_ftest/,results/chamados_v4_fs_svr_ftest/selected_features.csv,5.000000,False,0.016025,0.019750,0.126589,0.140534,0.101081,0.114135,12.764909,14.270529,0.866543,0.579074,0.604624,0.543095,0.878231,0.869125,67.567568,60.810811,-11.015434
SVR,coloradoRiver,mutualinfo,results/chamados_v4_fs_svr_mutualinfo/metrics.csv,data/result/chamados_v4_fs_svr_mutualinfo/,results/chamados_v4_fs_svr_mutualinfo/selected_features.csv,9.000000,False,0.016025,0.025764,0.126589,0.160513,0.101081,0.126953,12.764909,15.978500,0.866543,0.832784,0.604624,0.683528,0.878231,0.829075,67.567568,59.459459,-26.798240
SVR,coloradoRiver,rfembedded,results/chamados_v4_fs_svr_rfembedded/metrics.csv,data/result/chamados_v4_fs_svr_rfembedded/,results/chamados_v4_fs_svr_rfembedded/selected_features.csv,4.000000,False,0.016025,0.021224,0.126589,0.145685,0.101081,0.114319,12.764909,14.343390,0.866543,0.736569,0.604624,0.581317,0.878231,0.859816,67.567568,60.810811,-15.084897
SVR,coloradoRiver,lasso,results/chamados_v4_fs_svr_lasso/metrics.csv,data/result/chamados_v4_fs_svr_lasso/,results/chamados_v4_fs_svr_lasso/selected_features.csv,15.000000,False,0.016025,0.015925,0.126589,0.126195,0.101081,0.099813,12.764909,12.672755,0.866543,0.869467,0.604624,0.611289,0.878231,0.878237,67.567568,67.567568,0.311198
SVR,coloradoRiver,rfecv,results/chamados_v4_fs_svr_rfecv/metrics.csv,data/result/chamados_v4_fs_svr_rfecv/,results/chamados_v4_fs_svr_rfecv/selected_features.csv,16.000000,False,0.016025,0.016025,0.126589,0.126589,0.101081,0.101081,12.764909,12.764909,0.866543,0.866543,0.604624,0.604624,0.878231,0.878231,67.567568,67.567568,0.000000
SVR,samurec,sem_FS,results/baseline_metrics.csv,data/result/chamados/,,15.000000,False,50.681190,50.681190,7.119072,7.119072,5.857553,5.857553,20.370258,20.370258,11.623871,11.623871,8.823178,8.823178,0.338869,0.338869,44.915254,44.915254,0.000000
SVR,samurec,ftest,results/chamados_v4_fs_svr_ftest/metrics.csv,data/result/chamados_v4_fs_svr_ftest/,results/chamados_v4_fs_svr_ftest/selected_features.csv,15.000000,False,50.681190,50.681190,7.119072,7.119072,5.857553,5.857553,20.370258,20.370258,11.623871,11.623871,8.823178,8.823178,0.338869,0.338869,44.915254,44.915254,0.000000
SVR,samurec,mutualinfo,results/chamados_v4_fs_svr_mutualinfo/metrics.csv,data/result/chamados_v4_fs_svr_mutualinfo/,results/chamados_v4_fs_svr_mutualinfo/selected_features.csv,15.000000,False,50.681190,50.681190,7.119072,7.119072,5.857553,5.857553,20.370258,20.370258,11.623871,11.623871,8.823178,8.823178,0.338869,0.338869,44.915254,44.915254,0.000000
SVR,samurec,rfembedded,results/chamados_v4_fs_svr_rfembedded/metrics.csv,data/result/chamados_v4_fs_svr_rfembedded/,results/chamados_v4_fs_svr_rfembedded/selected_features.csv,2.000000,False,50.681190,58.600700,7.119072,7.655109,5.857553,6.149183,20.370258,21.706958,11.623871,6.749716,8.823178,3.246334,0.338869,0.459346,44.915254,29.661017,-7.529593
SVR,samurec,lasso,results/chamados_v4_fs_svr_lasso/metrics.csv,data/result/chamados_v4_fs_svr_lasso/,results/chamados_v4_fs_svr_lasso/selected_features.csv,15.000000,False,50.681190,50.681190,7.119072,7.119072,5.857553,5.857553,20.370258,20.370258,11.623871,11.623871,8.823178,8.823178,0.338869,0.338869,44.915254,44.915254,0.000000
SVR,samurec,rfecv,results/chamados_v4_fs_svr_rfecv/metrics.csv,data/result/chamados_v4_fs_svr_rfecv/,results/chamados_v4_fs_svr_rfecv/selected_features.csv,11.000000,False,50.681190,58.559311,7.119072,7.652406,5.857553,6.177952,20.370258,21.652211,11.623871,9.902854,8.823178,4.764147,0.338869,0.383355,44.915254,37.288136,-7.491612
SVR,sunspot,sem_FS,results/baseline_metrics.csv,data/result/chamados/,,9.000000,False,414.087275,414.087275,20.349135,20.349135,15.496239,15.496239,32.831193,32.831193,0.506440,0.506440,0.285696,0.285696,0.937137,0.937137,82.142857,82.142857,0.000000
SVR,sunspot,ftest,results/chamados_v4_fs_svr_ftest/metrics.csv,data/result/chamados_v4_fs_svr_ftest/,results/chamados_v4_fs_svr_ftest/selected_features.csv,5.000000,False,414.087275,640.081539,20.349135,25.299833,15.496239,19.416696,32.831193,39.651643,0.506440,0.693393,0.285696,0.365288,0.937137,0.910635,82.142857,82.142857,-24.328790
SVR,sunspot,mutualinfo,results/chamados_v4_fs_svr_mutualinfo/metrics.csv,data/result/chamados_v4_fs_svr_mutualinfo/,results/chamados_v4_fs_svr_mutualinfo/selected_features.csv,5.000000,False,414.087275,640.081539,20.349135,25.299833,15.496239,19.416696,32.831193,39.651643,0.506440,0.693393,0.285696,0.365288,0.937137,0.910635,82.142857,82.142857,-24.328790
SVR,sunspot,rfembedded,results/chamados_v4_fs_svr_rfembedded/metrics.csv,data/result/chamados_v4_fs_svr_rfembedded/,results/chamados_v4_fs_svr_rfembedded/selected_features.csv,1.000000,False,414.087275,746.033897,20.349135,27.313621,15.496239,21.556217,32.831193,51.851112,0.506440,1.462324,0.285696,0.591202,0.937137,0.876582,82.142857,71.428571,-34.224977
SVR,sunspot,lasso,results/chamados_v4_fs_svr_lasso/metrics.csv,data/result/chamados_v4_fs_svr_lasso/,results/chamados_v4_fs_svr_lasso/selected_features.csv,6.000000,False,414.087275,953.398511,20.349135,30.877152,15.496239,22.161672,32.831193,52.913347,0.506440,1.128117,0.285696,0.501124,0.937137,0.868373,82.142857,71.428571,-51.736930
SVR,sunspot,rfecv,results/chamados_v4_fs_svr_rfecv/metrics.csv,data/result/chamados_v4_fs_svr_rfecv/,results/chamados_v4_fs_svr_rfecv/selected_features.csv,7.000000,False,414.087275,342.380428,20.349135,18.503525,15.496239,15.256256,32.831193,32.784724,0.506440,0.497092,0.285696,0.215591,0.937137,0.950378,82.142857,75.000000,9.069721
SVR,windspeedfortaleza,sem_FS,results/baseline_metrics.csv,data/result/chamados/,,20.000000,False,0.141806,0.141806,0.376572,0.376572,0.329406,0.329406,11.577201,11.577201,0.883416,0.883416,0.266136,0.266136,0.931820,0.931820,64.285714,64.285714,0.000000
SVR,windspeedfortaleza,ftest,results/chamados_v4_fs_svr_ftest/metrics.csv,data/result/chamados_v4_fs_svr_ftest/,results/chamados_v4_fs_svr_ftest/selected_features.csv,5.000000,False,0.141806,0.152974,0.376572,0.391119,0.329406,0.340808,11.577201,12.235827,0.883416,1.129094,0.266136,0.370737,0.931820,0.916192,64.285714,57.142857,-3.863095
SVR,windspeedfortaleza,mutualinfo,results/chamados_v4_fs_svr_mutualinfo/metrics.csv,data/result/chamados_v4_fs_svr_mutualinfo/,results/chamados_v4_fs_svr_mutualinfo/selected_features.csv,5.000000,False,0.141806,0.152974,0.376572,0.391119,0.329406,0.340808,11.577201,12.235827,0.883416,1.129094,0.266136,0.370737,0.931820,0.916192,64.285714,57.142857,-3.863095
SVR,windspeedfortaleza,rfembedded,results/chamados_v4_fs_svr_rfembedded/metrics.csv,data/result/chamados_v4_fs_svr_rfembedded/,results/chamados_v4_fs_svr_rfembedded/selected_features.csv,4.000000,False,0.141806,0.180152,0.376572,0.424444,0.329406,0.370860,11.577201,13.888972,0.883416,1.557557,0.266136,0.532324,0.931820,0.890827,64.285714,50.000000,-12.712496
SVR,windspeedfortaleza,lasso,results/chamados_v4_fs_svr_lasso/metrics.csv,data/result/chamados_v4_fs_svr_lasso/,results/chamados_v4_fs_svr_lasso/selected_features.csv,8.000000,False,0.141806,0.136080,0.376572,0.368890,0.329406,0.315902,11.577201,11.379426,0.883416,1.025031,0.266136,0.315372,0.931820,0.927676,64.285714,64.285714,2.039937
SVR,windspeedfortaleza,rfecv,results/chamados_v4_fs_svr_rfecv/metrics.csv,data/result/chamados_v4_fs_svr_rfecv/,results/chamados_v4_fs_svr_rfecv/selected_features.csv,18.000000,False,0.141806,0.134044,0.376572,0.366121,0.329406,0.344686,11.577201,11.958103,0.883416,0.961631,0.266136,0.241850,0.931820,0.937117,64.285714,71.428571,2.775358
ARIMA-MLP,airlines,sem_FS,results/baseline_metrics.csv,data/result/chamados/,,20.000000,False,304.064010,304.064010,17.436180,17.436180,14.450386,14.450386,3.251923,3.251923,0.122216,0.122216,0.052797,0.052797,0.986748,0.986748,78.571429,78.571429,0.000000
ARIMA-MLP,airlines,ftest,results/chamados_v4_fs_ftest/metrics.csv,data/result/chamados_v4_fs_ftest/,results/chamados_v4_fs_ftest/selected_features.csv,5.000000,False,304.064010,365.408590,17.436180,19.115626,14.450386,14.796610,3.251923,3.221373,0.122216,0.123812,0.052797,0.062372,0.986748,0.984170,78.571429,78.571429,-9.631960
ARIMA-MLP,airlines,mutualinfo,results/chamados_v4_fs_mutualinfo/metrics.csv,data/result/chamados_v4_fs_mutualinfo/,results/chamados_v4_fs_mutualinfo/selected_features.csv,9.000000,False,304.064010,387.144948,17.436180,19.675894,14.450386,15.550120,3.251923,3.462016,0.122216,0.146196,0.052797,0.066785,0.986748,0.983122,78.571429,78.571429,-12.845210
ARIMA-MLP,airlines,rfembedded,results/chamados_v4_fs_rfembedded/metrics.csv,data/result/chamados_v4_fs_rfembedded/,results/chamados_v4_fs_rfembedded/selected_features.csv,7.600000,False,304.064010,376.550099,17.436180,19.403318,14.450386,15.033956,3.251923,3.303183,0.122216,0.128497,0.052797,0.063306,0.986748,0.983806,78.571429,78.571429,-11.281933
ARIMA-MLP,airlines,lasso,results/chamados_v4_fs_lasso/metrics.csv,data/result/chamados_v4_fs_lasso/,results/chamados_v4_fs_lasso/selected_features.csv,1.000000,False,304.064010,389.528076,17.436180,19.736465,14.450386,15.135222,3.251923,3.282351,0.122216,0.127388,0.052797,0.065509,0.986748,0.983235,78.571429,78.571429,-13.192600
ARIMA-MLP,airlines,rfecv,results/chamados_v4_fs_rfecv/metrics.csv,data/result/chamados_v4_fs_rfecv/,results/chamados_v4_fs_rfecv/selected_features.csv,14.900000,False,304.064010,335.626046,17.436180,18.306924,14.450386,14.750902,3.251923,3.290784,0.122216,0.124043,0.052797,0.057160,0.986748,0.985495,78.571429,78.571429,-4.993896
ARIMA-MLP,austres,sem_FS,results/baseline_metrics.csv,data/result/chamados/,,1.000000,True,364.412984,364.412984,19.085848,19.085848,13.999919,13.999919,0.080039,0.080039,0.131791,0.131791,0.035480,0.035480,0.990845,0.990845,75.000000,75.000000,0.000000
ARIMA-MLP,austres,ftest,results/chamados_v4_fs_ftest/metrics.csv,data/result/chamados_v4_fs_ftest/,results/chamados_v4_fs_ftest/selected_features.csv,1.000000,True,364.412984,363.082958,19.085848,19.051486,13.999919,14.009845,0.080039,0.080102,0.131791,0.131625,0.035480,0.035378,0.990845,0.990875,75.000000,75.000000,0.180042
ARIMA-MLP,austres,mutualinfo,results/chamados_v4_fs_mutualinfo/metrics.csv,data/result/chamados_v4_fs_mutualinfo/,results/chamados_v4_fs_mutualinfo/selected_features.csv,1.000000,True,364.412984,363.082958,19.085848,19.051486,13.999919,14.009845,0.080039,0.080102,0.131791,0.131625,0.035480,0.035378,0.990845,0.990875,75.000000,75.000000,0.180042
ARIMA-MLP,austres,rfembedded,results/chamados_v4_fs_rfembedded/metrics.csv,data/result/chamados_v4_fs_rfembedded/,results/chamados_v4_fs_rfembedded/selected_features.csv,1.000000,True,364.412984,363.082958,19.085848,19.051486,13.999919,14.009845,0.080039,0.080102,0.131791,0.131625,0.035480,0.035378,0.990845,0.990875,75.000000,75.000000,0.180042
ARIMA-MLP,austres,lasso,results/chamados_v4_fs_lasso/metrics.csv,data/result/chamados_v4_fs_lasso/,results/chamados_v4_fs_lasso/selected_features.csv,1.000000,True,364.412984,363.082958,19.085848,19.051486,13.999919,14.009845,0.080039,0.080102,0.131791,0.131625,0.035480,0.035378,0.990845,0.990875,75.000000,75.000000,0.180042
ARIMA-MLP,austres,rfecv,results/chamados_v4_fs_rfecv/metrics.csv,data/result/chamados_v4_fs_rfecv/,results/chamados_v4_fs_rfecv/selected_features.csv,1.000000,True,364.412984,363.082958,19.085848,19.051486,13.999919,14.009845,0.080039,0.080102,0.131791,0.131625,0.035480,0.035378,0.990845,0.990875,75.000000,75.000000,0.180042
ARIMA-MLP,coloradoRiver,sem_FS,results/baseline_metrics.csv,data/result/chamados/,,16.000000,False,0.108065,0.108065,0.328696,0.328696,0.265778,0.265778,29.113088,29.113088,0.763603,0.763603,0.698636,0.698636,0.664263,0.664263,54.054054,54.054054,0.000000
ARIMA-MLP,coloradoRiver,ftest,results/chamados_v4_fs_ftest/metrics.csv,data/result/chamados_v4_fs_ftest/,results/chamados_v4_fs_ftest/selected_features.csv,15.000000,False,0.108065,0.107015,0.328696,0.327025,0.265778,0.264704,29.113088,29.008680,0.763603,0.758228,0.698636,0.695966,0.664263,0.666527,54.054054,53.513514,0.508309
ARIMA-MLP,coloradoRiver,mutualinfo,results/chamados_v4_fs_mutualinfo/metrics.csv,data/result/chamados_v4_fs_mutualinfo/,results/chamados_v4_fs_mutualinfo/selected_features.csv,16.000000,False,0.108065,0.109300,0.328696,0.330554,0.265778,0.267056,29.113088,29.248919,0.763603,0.762581,0.698636,0.703440,0.664263,0.661433,54.054054,53.513514,-0.565389
ARIMA-MLP,coloradoRiver,rfembedded,results/chamados_v4_fs_rfembedded/metrics.csv,data/result/chamados_v4_fs_rfembedded/,results/chamados_v4_fs_rfembedded/selected_features.csv,4.000000,False,0.108065,0.107934,0.328696,0.328393,0.265778,0.265756,29.113088,29.076059,0.763603,0.748683,0.698636,0.700273,0.664263,0.664035,54.054054,52.432432,0.092052
ARIMA-MLP,coloradoRiver,lasso,results/chamados_v4_fs_lasso/metrics.csv,data/result/chamados_v4_fs_lasso/,results/chamados_v4_fs_lasso/selected_features.csv,1.000000,False,0.108065,0.106633,0.328696,0.326514,0.265778,0.265103,29.113088,29.015369,0.763603,0.763375,0.698636,0.698193,0.664263,0.666033,54.054054,52.162162,0.663808
ARIMA-MLP,coloradoRiver,rfecv,results/chamados_v4_fs_rfecv/metrics.csv,data/result/chamados_v4_fs_rfecv/,results/chamados_v4_fs_rfecv/selected_features.csv,12.100000,False,0.108065,0.105765,0.328696,0.325176,0.265778,0.263535,29.113088,28.874115,0.763603,0.761679,0.698636,0.697691,0.664263,0.667113,54.054054,53.378378,1.070787
ARIMA-MLP,samurec,sem_FS,results/baseline_metrics.csv,data/result/chamados/,,15.000000,False,48.408893,48.408893,6.957531,6.957531,5.771914,5.771914,19.978271,19.978271,29.096269,29.096269,26.597642,26.597642,0.228933,0.228933,61.864407,61.864407,0.000000
ARIMA-MLP,samurec,ftest,results/chamados_v4_fs_ftest/metrics.csv,data/result/chamados_v4_fs_ftest/,results/chamados_v4_fs_ftest/selected_features.csv,5.000000,False,48.408893,48.303833,6.957531,6.950092,5.771914,5.767850,19.978271,19.976246,29.096269,39.000468,26.597642,27.600084,0.228933,0.226511,61.864407,62.796610,0.106914
ARIMA-MLP,samurec,mutualinfo,results/chamados_v4_fs_mutualinfo/metrics.csv,data/result/chamados_v4_fs_mutualinfo/,results/chamados_v4_fs_mutualinfo/selected_features.csv,9.000000,False,48.408893,48.336338,6.957531,6.952427,5.771914,5.777225,19.978271,19.979978,29.096269,29.550835,26.597642,25.298452,0.228933,0.232694,61.864407,64.745763,0.073351
ARIMA-MLP,samurec,rfembedded,results/chamados_v4_fs_rfembedded/metrics.csv,data/result/chamados_v4_fs_rfembedded/,results/chamados_v4_fs_rfembedded/selected_features.csv,7.500000,False,48.408893,48.167309,6.957531,6.940256,5.771914,5.755431,19.978271,19.967378,29.096269,39.598495,26.597642,29.926593,0.228933,0.220997,61.864407,58.135593,0.248291
ARIMA-MLP,samurec,lasso,results/chamados_v4_fs_lasso/metrics.csv,data/result/chamados_v4_fs_lasso/,results/chamados_v4_fs_lasso/selected_features.csv,1.000000,False,48.408893,48.490220,6.957531,6.963461,5.771914,5.787931,19.978271,20.082873,29.096269,28.565821,26.597642,30.617790,0.228933,0.213240,61.864407,61.355932,-0.085243
ARIMA-MLP,samurec,rfecv,results/chamados_v4_fs_rfecv/metrics.csv,data/result/chamados_v4_fs_rfecv/,results/chamados_v4_fs_rfecv/selected_features.csv,14.600000,False,48.408893,48.224136,6.957531,6.944315,5.771914,5.757093,19.978271,19.928186,29.096269,27.893785,26.597642,26.701301,0.228933,0.233092,61.864407,60.593220,0.189946
ARIMA-MLP,sunspot,sem_FS,results/baseline_metrics.csv,data/result/chamados/,,9.000000,False,363.788214,363.788214,19.072983,19.072983,15.780348,15.780348,40.254402,40.254402,0.336094,0.336094,0.203181,0.203181,0.950210,0.950210,60.714286,60.714286,0.000000
ARIMA-MLP,sunspot,ftest,results/chamados_v4_fs_ftest/metrics.csv,data/result/chamados_v4_fs_ftest/,results/chamados_v4_fs_ftest/selected_features.csv,5.000000,False,363.788214,365.422657,19.072983,19.115968,15.780348,15.597989,40.254402,39.811934,0.336094,0.331784,0.203181,0.201628,0.950210,0.950319,60.714286,60.714286,-0.225369
ARIMA-MLP,sunspot,mutualinfo,results/chamados_v4_fs_mutualinfo/metrics.csv,data/result/chamados_v4_fs_mutualinfo/,results/chamados_v4_fs_mutualinfo/selected_features.csv,9.000000,False,363.788214,365.449089,19.072983,19.116507,15.780348,15.863027,40.254402,40.575818,0.336094,0.335078,0.203181,0.203422,0.950210,0.950053,60.714286,60.714286,-0.228197
ARIMA-MLP,sunspot,rfembedded,results/chamados_v4_fs_rfembedded/metrics.csv,data/result/chamados_v4_fs_rfembedded/,results/chamados_v4_fs_rfembedded/selected_features.csv,4.000000,False,363.788214,358.038401,19.072983,18.921636,15.780348,15.462280,40.254402,39.307252,0.336094,0.328812,0.203181,0.195065,0.950210,0.951693,60.714286,61.071429,0.793519
ARIMA-MLP,sunspot,lasso,results/chamados_v4_fs_lasso/metrics.csv,data/result/chamados_v4_fs_lasso/,results/chamados_v4_fs_lasso/selected_features.csv,2.000000,False,363.788214,359.086791,19.072983,18.949572,15.780348,15.502958,40.254402,39.623476,0.336094,0.326370,0.203181,0.193994,0.950210,0.951745,60.714286,60.714286,0.647047
ARIMA-MLP,sunspot,rfecv,results/chamados_v4_fs_rfecv/metrics.csv,data/result/chamados_v4_fs_rfecv/,results/chamados_v4_fs_rfecv/selected_features.csv,5.300000,False,363.788214,361.417759,19.072983,19.010646,15.780348,15.550363,40.254402,39.663095,0.336094,0.331444,0.203181,0.198219,0.950210,0.951037,60.714286,61.428571,0.326834
ARIMA-MLP,windspeedfortaleza,sem_FS,results/baseline_metrics.csv,data/result/chamados/,,20.000000,False,0.209382,0.209382,0.455899,0.455899,0.391025,0.391025,13.942068,13.942068,0.881688,0.881688,0.423326,0.423326,0.892021,0.892021,49.285714,49.285714,0.000000
ARIMA-MLP,windspeedfortaleza,ftest,results/chamados_v4_fs_ftest/metrics.csv,data/result/chamados_v4_fs_ftest/,results/chamados_v4_fs_ftest/selected_features.csv,5.000000,False,0.209382,0.189166,0.455899,0.434925,0.391025,0.365134,13.942068,12.466484,0.881688,0.761465,0.423326,0.334292,0.892021,0.909810,49.285714,64.285714,4.600429
ARIMA-MLP,windspeedfortaleza,mutualinfo,results/chamados_v4_fs_mutualinfo/metrics.csv,data/result/chamados_v4_fs_mutualinfo/,results/chamados_v4_fs_mutualinfo/selected_features.csv,20.000000,False,0.209382,0.204734,0.455899,0.451612,0.391025,0.382874,13.942068,13.734547,0.881688,0.819455,0.423326,0.411376,0.892021,0.895669,49.285714,48.571429,0.940357
ARIMA-MLP,windspeedfortaleza,rfembedded,results/chamados_v4_fs_rfembedded/metrics.csv,data/result/chamados_v4_fs_rfembedded/,results/chamados_v4_fs_rfembedded/selected_features.csv,8.400000,False,0.209382,0.203151,0.455899,0.450657,0.391025,0.378422,13.942068,13.152595,0.881688,0.816383,0.423326,0.361038,0.892021,0.902182,49.285714,57.142857,1.149788
ARIMA-MLP,windspeedfortaleza,lasso,results/chamados_v4_fs_lasso/metrics.csv,data/result/chamados_v4_fs_lasso/,results/chamados_v4_fs_lasso/selected_features.csv,1.000000,False,0.209382,0.159743,0.455899,0.399679,0.391025,0.331582,13.942068,11.292144,0.881688,0.712835,0.423326,0.284296,0.892021,0.924375,49.285714,57.142857,12.331679
ARIMA-MLP,windspeedfortaleza,rfecv,results/chamados_v4_fs_rfecv/metrics.csv,data/result/chamados_v4_fs_rfecv/,results/chamados_v4_fs_rfecv/selected_features.csv,14.100000,False,0.209382,0.189971,0.455899,0.435670,0.391025,0.374443,13.942068,13.196432,0.881688,0.815626,0.423326,0.369905,0.892021,0.904713,49.285714,55.714286,4.437117
ARIMA-SVR,airlines,sem_FS,results/baseline_metrics.csv,data/result/chamados/,,20.000000,False,230.024062,230.024062,15.166544,15.166544,13.829032,13.829032,3.067365,3.067365,0.089602,0.089602,0.039462,0.039462,0.990068,0.990068,92.857143,92.857143,0.000000
ARIMA-SVR,airlines,ftest,results/chamados_v4_fs_arimasvr_ftest/metrics.csv,data/result/chamados_v4_fs_arimasvr_ftest/,results/chamados_v4_fs_arimasvr_ftest/selected_features.csv,20.000000,False,230.024062,230.024062,15.166544,15.166544,13.829032,13.829032,3.067365,3.067365,0.089602,0.089602,0.039462,0.039462,0.990068,0.990068,92.857143,92.857143,0.000000
ARIMA-SVR,airlines,mutualinfo,results/chamados_v4_fs_arimasvr_mutualinfo/metrics.csv,data/result/chamados_v4_fs_arimasvr_mutualinfo/,results/chamados_v4_fs_arimasvr_mutualinfo/selected_features.csv,20.000000,False,230.024062,230.024062,15.166544,15.166544,13.829032,13.829032,3.067365,3.067365,0.089602,0.089602,0.039462,0.039462,0.990068,0.990068,92.857143,92.857143,0.000000
ARIMA-SVR,airlines,rfembedded,results/chamados_v4_fs_arimasvr_rfembedded/metrics.csv,data/result/chamados_v4_fs_arimasvr_rfembedded/,results/chamados_v4_fs_arimasvr_rfembedded/selected_features.csv,8.000000,False,230.024062,393.946646,15.166544,19.848089,13.829032,15.482050,3.067365,3.408633,0.089602,0.130729,0.039462,0.063248,0.990068,0.983444,92.857143,78.571429,-30.867579
ARIMA-SVR,airlines,lasso,results/chamados_v4_fs_arimasvr_lasso/metrics.csv,data/result/chamados_v4_fs_arimasvr_lasso/,results/chamados_v4_fs_arimasvr_lasso/selected_features.csv,1.000000,False,230.024062,371.954602,15.166544,19.286125,13.829032,14.325620,3.067365,3.109897,0.089602,0.122320,0.039462,0.062649,0.990068,0.983991,92.857143,78.571429,-27.162288
ARIMA-SVR,airlines,rfecv,results/chamados_v4_fs_arimasvr_rfecv/metrics.csv,data/result/chamados_v4_fs_arimasvr_rfecv/,results/chamados_v4_fs_arimasvr_rfecv/selected_features.csv,17.000000,False,230.024062,207.005712,15.166544,14.387693,13.829032,11.713533,3.067365,2.582560,0.089602,0.107190,0.039462,0.036471,0.990068,0.990951,92.857143,92.857143,5.135324
ARIMA-SVR,austres,sem_FS,results/baseline_metrics.csv,data/result/chamados/,,1.000000,True,357.661339,357.661339,18.911936,18.911936,14.242368,14.242368,0.081454,0.081454,0.129543,0.129543,0.034860,0.034860,0.991012,0.991012,75.000000,75.000000,0.000000
ARIMA-SVR,austres,ftest,results/chamados_v4_fs_arimasvr_ftest/metrics.csv,data/result/chamados_v4_fs_arimasvr_ftest/,results/chamados_v4_fs_arimasvr_ftest/selected_features.csv,1.000000,True,357.661339,357.661339,18.911936,18.911936,14.242368,14.242368,0.081454,0.081454,0.129543,0.129543,0.034860,0.034860,0.991012,0.991012,75.000000,75.000000,0.000000
ARIMA-SVR,austres,mutualinfo,results/chamados_v4_fs_arimasvr_mutualinfo/metrics.csv,data/result/chamados_v4_fs_arimasvr_mutualinfo/,results/chamados_v4_fs_arimasvr_mutualinfo/selected_features.csv,1.000000,True,357.661339,357.661339,18.911936,18.911936,14.242368,14.242368,0.081454,0.081454,0.129543,0.129543,0.034860,0.034860,0.991012,0.991012,75.000000,75.000000,0.000000
ARIMA-SVR,austres,rfembedded,results/chamados_v4_fs_arimasvr_rfembedded/metrics.csv,data/result/chamados_v4_fs_arimasvr_rfembedded/,results/chamados_v4_fs_arimasvr_rfembedded/selected_features.csv,1.000000,True,357.661339,357.661339,18.911936,18.911936,14.242368,14.242368,0.081454,0.081454,0.129543,0.129543,0.034860,0.034860,0.991012,0.991012,75.000000,75.000000,0.000000
ARIMA-SVR,austres,lasso,results/chamados_v4_fs_arimasvr_lasso/metrics.csv,data/result/chamados_v4_fs_arimasvr_lasso/,results/chamados_v4_fs_arimasvr_lasso/selected_features.csv,1.000000,True,357.661339,357.661339,18.911936,18.911936,14.242368,14.242368,0.081454,0.081454,0.129543,0.129543,0.034860,0.034860,0.991012,0.991012,75.000000,75.000000,0.000000
ARIMA-SVR,austres,rfecv,results/chamados_v4_fs_arimasvr_rfecv/metrics.csv,data/result/chamados_v4_fs_arimasvr_rfecv/,results/chamados_v4_fs_arimasvr_rfecv/selected_features.csv,1.000000,True,357.661339,357.661339,18.911936,18.911936,14.242368,14.242368,0.081454,0.081454,0.129543,0.129543,0.034860,0.034860,0.991012,0.991012,75.000000,75.000000,0.000000
ARIMA-SVR,coloradoRiver,sem_FS,results/baseline_metrics.csv,data/result/chamados/,,16.000000,False,0.113540,0.113540,0.336957,0.336957,0.274324,0.274324,30.002046,30.002046,0.788322,0.788322,0.713788,0.713788,0.654406,0.654406,48.648649,48.648649,0.000000
ARIMA-SVR,coloradoRiver,ftest,results/chamados_v4_fs_arimasvr_ftest/metrics.csv,data/result/chamados_v4_fs_arimasvr_ftest/,results/chamados_v4_fs_arimasvr_ftest/selected_features.csv,9.000000,False,0.113540,0.102321,0.336957,0.319876,0.274324,0.257938,30.002046,28.380562,0.788322,0.731431,0.713788,0.704615,0.654406,0.667718,48.648649,51.351351,5.069061
ARIMA-SVR,coloradoRiver,mutualinfo,results/chamados_v4_fs_arimasvr_mutualinfo/metrics.csv,data/result/chamados_v4_fs_arimasvr_mutualinfo/,results/chamados_v4_fs_arimasvr_mutualinfo/selected_features.csv,1.000000,False,0.113540,0.089235,0.336957,0.298722,0.274324,0.245925,30.002046,27.171968,0.788322,0.756823,0.713788,0.697171,0.654406,0.688998,48.648649,51.351351,11.347128
ARIMA-SVR,coloradoRiver,rfembedded,results/chamados_v4_fs_arimasvr_rfembedded/metrics.csv,data/result/chamados_v4_fs_arimasvr_rfembedded/,results/chamados_v4_fs_arimasvr_rfembedded/selected_features.csv,4.000000,False,0.113540,0.088292,0.336957,0.297139,0.274324,0.249926,30.002046,27.585613,0.788322,0.905792,0.713788,0.679113,0.654406,0.696243,48.648649,48.648649,11.816896
ARIMA-SVR,coloradoRiver,lasso,results/chamados_v4_fs_arimasvr_lasso/metrics.csv,data/result/chamados_v4_fs_arimasvr_lasso/,results/chamados_v4_fs_arimasvr_lasso/selected_features.csv,1.000000,False,0.113540,0.107931,0.336957,0.328528,0.274324,0.264321,30.002046,29.010960,0.788322,0.776427,0.713788,0.688526,0.654406,0.665838,48.648649,54.054054,2.501384
ARIMA-SVR,coloradoRiver,rfecv,results/chamados_v4_fs_arimasvr_rfecv/metrics.csv,data/result/chamados_v4_fs_arimasvr_rfecv/,results/chamados_v4_fs_arimasvr_rfecv/selected_features.csv,11.000000,False,0.113540,0.098005,0.336957,0.313057,0.274324,0.253538,30.002046,27.878987,0.788322,0.784040,0.713788,0.707311,0.654406,0.672760,48.648649,50.000000,7.092957
ARIMA-SVR,samurec,sem_FS,results/baseline_metrics.csv,data/result/chamados/,,15.000000,False,56.998989,56.998989,7.549767,7.549767,6.088703,6.088703,20.925999,20.925999,4.822588,4.822588,7.701428,7.701428,0.307368,0.307368,51.694915,51.694915,0.000000
ARIMA-SVR,samurec,ftest,results/chamados_v4_fs_arimasvr_ftest/metrics.csv,data/result/chamados_v4_fs_arimasvr_ftest/,results/chamados_v4_fs_arimasvr_ftest/selected_features.csv,15.000000,False,56.998989,56.998989,7.549767,7.549767,6.088703,6.088703,20.925999,20.925999,4.822588,4.822588,7.701428,7.701428,0.307368,0.307368,51.694915,51.694915,0.000000
ARIMA-SVR,samurec,mutualinfo,results/chamados_v4_fs_arimasvr_mutualinfo/metrics.csv,data/result/chamados_v4_fs_arimasvr_mutualinfo/,results/chamados_v4_fs_arimasvr_mutualinfo/selected_features.csv,15.000000,False,56.998989,56.998989,7.549767,7.549767,6.088703,6.088703,20.925999,20.925999,4.822588,4.822588,7.701428,7.701428,0.307368,0.307368,51.694915,51.694915,0.000000
ARIMA-SVR,samurec,rfembedded,results/chamados_v4_fs_arimasvr_rfembedded/metrics.csv,data/result/chamados_v4_fs_arimasvr_rfembedded/,results/chamados_v4_fs_arimasvr_rfembedded/selected_features.csv,7.000000,False,56.998989,51.161003,7.549767,7.152692,6.088703,5.796004,20.925999,20.112263,4.822588,21.771826,7.701428,19.272570,0.307368,0.244300,51.694915,47.457627,5.259440
ARIMA-SVR,samurec,lasso,results/chamados_v4_fs_arimasvr_lasso/metrics.csv,data/result/chamados_v4_fs_arimasvr_lasso/,results/chamados_v4_fs_arimasvr_lasso/selected_features.csv,1.000000,False,56.998989,48.229033,7.549767,6.944713,6.088703,5.759277,20.925999,19.908689,4.822588,31.518821,7.701428,25.895833,0.307368,0.237320,51.694915,61.016949,8.014218
ARIMA-SVR,samurec,rfecv,results/chamados_v4_fs_arimasvr_rfecv/metrics.csv,data/result/chamados_v4_fs_arimasvr_rfecv/,results/chamados_v4_fs_arimasvr_rfecv/selected_features.csv,14.000000,False,56.998989,59.027669,7.549767,7.682947,6.088703,6.225674,20.925999,21.384592,4.822588,5.338918,7.701428,8.335850,0.307368,0.270451,51.694915,44.915254,-1.764017
ARIMA-SVR,sunspot,sem_FS,results/baseline_metrics.csv,data/result/chamados/,,9.000000,False,371.140259,371.140259,19.265001,19.265001,16.244065,16.244065,43.195324,43.195324,0.337611,0.337611,0.209816,0.209816,0.948849,0.948849,60.714286,60.714286,0.000000
ARIMA-SVR,sunspot,ftest,results/chamados_v4_fs_arimasvr_ftest/metrics.csv,data/result/chamados_v4_fs_arimasvr_ftest/,results/chamados_v4_fs_arimasvr_ftest/selected_features.csv,1.000000,False,371.140259,411.513031,19.265001,20.285784,16.244065,16.866097,43.195324,48.231838,0.337611,0.354957,0.209816,0.228287,0.948849,0.943616,60.714286,60.714286,-5.298640
ARIMA-SVR,sunspot,mutualinfo,results/chamados_v4_fs_arimasvr_mutualinfo/metrics.csv,data/result/chamados_v4_fs_arimasvr_mutualinfo/,results/chamados_v4_fs_arimasvr_mutualinfo/selected_features.csv,9.000000,False,371.140259,371.140259,19.265001,19.265001,16.244065,16.244065,43.195324,43.195324,0.337611,0.337611,0.209816,0.209816,0.948849,0.948849,60.714286,60.714286,0.000000
ARIMA-SVR,sunspot,rfembedded,results/chamados_v4_fs_arimasvr_rfembedded/metrics.csv,data/result/chamados_v4_fs_arimasvr_rfembedded/,results/chamados_v4_fs_arimasvr_rfembedded/selected_features.csv,4.000000,False,371.140259,419.462613,19.265001,20.480786,16.244065,16.566847,43.195324,46.039668,0.337611,0.325414,0.209816,0.218758,0.948849,0.944401,60.714286,60.714286,-6.310851
ARIMA-SVR,sunspot,lasso,results/chamados_v4_fs_arimasvr_lasso/metrics.csv,data/result/chamados_v4_fs_arimasvr_lasso/,results/chamados_v4_fs_arimasvr_lasso/selected_features.csv,2.000000,False,371.140259,443.548858,19.265001,21.060600,16.244065,17.673521,43.195324,50.567722,0.337611,0.348336,0.209816,0.233761,0.948849,0.940487,60.714286,60.714286,-9.320523
ARIMA-SVR,sunspot,rfecv,results/chamados_v4_fs_arimasvr_rfecv/metrics.csv,data/result/chamados_v4_fs_arimasvr_rfecv/,results/chamados_v4_fs_arimasvr_rfecv/selected_features.csv,6.000000,False,371.140259,377.649785,19.265001,19.433213,16.244065,15.827603,43.195324,42.439370,0.337611,0.360219,0.209816,0.219314,0.948849,0.947307,60.714286,60.714286,-0.873151
ARIMA-SVR,windspeedfortaleza,sem_FS,results/baseline_metrics.csv,data/result/chamados/,,20.000000,False,0.232924,0.232924,0.482622,0.482622,0.400991,0.400991,14.677774,14.677774,0.690479,0.690479,0.427739,0.427739,0.884550,0.884550,42.857143,42.857143,0.000000
ARIMA-SVR,windspeedfortaleza,ftest,results/chamados_v4_fs_arimasvr_ftest/metrics.csv,data/result/chamados_v4_fs_arimasvr_ftest/,results/chamados_v4_fs_arimasvr_ftest/selected_features.csv,20.000000,False,0.232924,0.232924,0.482622,0.482622,0.400991,0.400991,14.677774,14.677774,0.690479,0.690479,0.427739,0.427739,0.884550,0.884550,42.857143,42.857143,0.000000
ARIMA-SVR,windspeedfortaleza,mutualinfo,results/chamados_v4_fs_arimasvr_mutualinfo/metrics.csv,data/result/chamados_v4_fs_arimasvr_mutualinfo/,results/chamados_v4_fs_arimasvr_mutualinfo/selected_features.csv,9.000000,False,0.232924,0.294533,0.482622,0.542709,0.400991,0.403671,14.677774,12.791702,0.690479,0.477232,0.427739,0.414346,0.884550,0.874016,42.857143,57.142857,-12.450144
ARIMA-SVR,windspeedfortaleza,rfembedded,results/chamados_v4_fs_arimasvr_rfembedded/metrics.csv,data/result/chamados_v4_fs_arimasvr_rfembedded/,results/chamados_v4_fs_arimasvr_rfembedded/selected_features.csv,9.000000,False,0.232924,0.399667,0.482622,0.632192,0.400991,0.529566,14.677774,17.551548,0.690479,0.635225,0.427739,0.444844,0.884550,0.844185,42.857143,57.142857,-30.991244
ARIMA-SVR,windspeedfortaleza,lasso,results/chamados_v4_fs_arimasvr_lasso/metrics.csv,data/result/chamados_v4_fs_arimasvr_lasso/,results/chamados_v4_fs_arimasvr_lasso/selected_features.csv,1.000000,False,0.232924,0.172100,0.482622,0.414850,0.400991,0.353456,14.677774,12.300036,0.690479,0.754352,0.427739,0.327727,0.884550,0.915077,42.857143,50.000000,14.042412
ARIMA-SVR,windspeedfortaleza,rfecv,results/chamados_v4_fs_arimasvr_rfecv/metrics.csv,data/result/chamados_v4_fs_arimasvr_rfecv/,results/chamados_v4_fs_arimasvr_rfecv/selected_features.csv,17.000000,False,0.232924,0.205737,0.482622,0.453583,0.400991,0.377857,14.677774,13.727469,0.690479,0.680228,0.427739,0.320461,0.884550,0.907555,42.857143,50.000000,6.016917
