Familia,Serie,Metodo_FS,RMSE_Baseline_auto,RMSE_Baseline_pct10,RMSE_auto,RMSE_pct10,RMSE_Diff_pct10_menos_auto,Janela_Vencedora,PctGain_auto,PctGain_pct10,NFeatures_auto,NFeatures_pct10,Trivial_auto,Trivial_pct10
MLP,airlines,sem_FS,27.697682,28.856466,27.697682,28.856466,1.158784,auto,0.000000,0.000000,20.000000,13.000000,False,False
MLP,airlines,ftest,27.697682,28.856466,22.834106,21.745773,-1.088333,pct10,17.559504,24.641596,5.000000,5.000000,False,False
MLP,airlines,mutualinfo,27.697682,28.856466,23.762792,21.745773,-2.017019,pct10,14.206567,24.641596,5.000000,5.000000,False,False
MLP,airlines,rfembedded,27.697682,28.856466,20.299955,20.941750,0.641795,auto,26.708831,27.427879,1.200000,1.300000,False,False
MLP,airlines,lasso,27.697682,28.856466,25.374612,27.157659,1.783047,auto,8.387234,5.887094,14.000000,10.000000,False,False
MLP,airlines,rfecv,27.697682,28.856466,23.038989,21.136515,-1.902474,pct10,16.819792,26.752933,2.300000,1.400000,False,False
MLP,austres,sem_FS,34.345553,24.680016,34.345553,24.680016,-9.665537,pct10,0.000000,0.000000,1.000000,8.000000,True,True
MLP,austres,ftest,34.345553,24.680016,56.466572,22.239701,-34.226871,pct10,-64.407229,9.887820,1.000000,1.000000,True,True
MLP,austres,mutualinfo,34.345553,24.680016,56.466572,22.239701,-34.226871,pct10,-64.407229,9.887820,1.000000,1.000000,True,True
MLP,austres,rfembedded,34.345553,24.680016,56.466572,30.163553,-26.303019,pct10,-64.407229,-22.218527,1.000000,4.000000,True,True
MLP,austres,lasso,34.345553,24.680016,56.466572,27.951760,-28.514812,pct10,-64.407229,-13.256651,1.000000,2.000000,True,True
MLP,austres,rfecv,34.345553,24.680016,56.466572,29.503274,-26.963298,pct10,-64.407229,-19.543170,1.000000,4.500000,True,True
MLP,coloradoRiver,sem_FS,0.224816,0.210362,0.224816,0.210362,-0.014454,pct10,0.000000,0.000000,16.000000,67.000000,False,False
MLP,coloradoRiver,ftest,0.224816,0.210362,0.148933,0.206307,0.057374,auto,33.753066,1.927563,9.000000,9.000000,False,False
MLP,coloradoRiver,mutualinfo,0.224816,0.210362,0.249057,0.258384,0.009327,auto,-10.782843,-22.828495,1.000000,9.000000,False,False
MLP,coloradoRiver,rfembedded,0.224816,0.210362,0.134155,0.199807,0.065652,auto,40.326459,5.017336,2.000000,6.200000,False,False
MLP,coloradoRiver,lasso,0.224816,0.210362,0.177031,0.182847,0.005816,auto,21.254825,13.080068,7.000000,20.000000,False,False
MLP,coloradoRiver,rfecv,0.224816,0.210362,0.163758,0.186117,0.022359,auto,27.158900,11.525504,8.700000,20.700000,False,False
MLP,samurec,sem_FS,6.968888,7.187309,6.968888,7.187309,0.218421,auto,0.000000,0.000000,15.000000,107.000000,False,False
MLP,samurec,ftest,6.968888,7.187309,6.972986,6.797277,-0.175709,pct10,-0.058800,5.426676,9.000000,20.000000,False,False
MLP,samurec,mutualinfo,6.968888,7.187309,7.131151,7.039127,-0.092024,pct10,-2.328398,2.061720,1.000000,20.000000,False,False
MLP,samurec,rfembedded,6.968888,7.187309,6.932775,6.987987,0.055212,auto,0.518207,2.773247,6.100000,39.900000,False,False
MLP,samurec,lasso,6.968888,7.187309,6.984176,7.023930,0.039754,auto,-0.219373,2.273157,7.000000,1.000000,False,False
MLP,samurec,rfecv,6.968888,7.187309,6.965501,6.998359,0.032858,auto,0.048595,2.628942,14.100000,82.900000,False,False
MLP,sunspot,sem_FS,17.082453,19.222508,17.082453,19.222508,2.140055,auto,0.000000,0.000000,9.000000,26.000000,False,False
MLP,sunspot,ftest,17.082453,19.222508,17.320032,17.071655,-0.248377,pct10,-1.390775,11.189246,9.000000,9.000000,False,False
MLP,sunspot,mutualinfo,17.082453,19.222508,17.320032,16.288295,-1.031737,pct10,-1.390775,15.264466,9.000000,15.000000,False,False
MLP,sunspot,rfembedded,17.082453,19.222508,27.474605,21.870268,-5.604337,pct10,-60.835246,-13.774266,1.000000,3.000000,False,False
MLP,sunspot,lasso,17.082453,19.222508,16.895249,18.033068,1.137819,auto,1.095883,6.187749,6.000000,9.000000,False,False
MLP,sunspot,rfecv,17.082453,19.222508,17.175247,17.925289,0.750042,auto,-0.543210,6.748441,7.100000,4.900000,False,False
MLP,windspeedfortaleza,sem_FS,0.384273,0.367736,0.384273,0.367736,-0.016537,pct10,0.000000,0.000000,20.000000,13.000000,False,False
MLP,windspeedfortaleza,ftest,0.384273,0.367736,0.429627,0.367736,-0.061891,pct10,-11.802637,0.000000,5.000000,13.000000,False,False
MLP,windspeedfortaleza,mutualinfo,0.384273,0.367736,0.429627,0.367736,-0.061891,pct10,-11.802637,0.000000,5.000000,13.000000,False,False
MLP,windspeedfortaleza,rfembedded,0.384273,0.367736,0.427487,0.435585,0.008098,auto,-11.245674,-18.450279,3.600000,3.000000,False,False
MLP,windspeedfortaleza,lasso,0.384273,0.367736,0.374784,0.358070,-0.016714,pct10,2.469401,2.628666,8.000000,4.000000,False,False
MLP,windspeedfortaleza,rfecv,0.384273,0.367736,0.381280,0.359650,-0.021630,pct10,0.778836,2.198964,14.900000,11.000000,False,False
SVR,airlines,sem_FS,19.386686,19.093386,19.386686,19.093386,-0.293300,pct10,0.000000,0.000000,20.000000,13.000000,False,False
SVR,airlines,ftest,19.386686,19.093386,19.386686,22.114101,2.727415,auto,0.000000,-15.820744,20.000000,1.000000,False,False
SVR,airlines,mutualinfo,19.386686,19.093386,19.386686,22.351401,2.964715,auto,0.000000,-17.063581,20.000000,9.000000,False,False
SVR,airlines,rfembedded,19.386686,19.093386,22.075296,22.114101,0.038805,auto,-13.868332,-15.820744,1.000000,1.000000,False,False
SVR,airlines,lasso,19.386686,19.093386,22.421322,19.093386,-3.327936,pct10,-15.653200,0.000000,7.000000,13.000000,False,False
SVR,airlines,rfecv,19.386686,19.093386,26.877479,22.114101,-4.763378,pct10,-38.638857,-15.820744,2.000000,1.000000,False,False
SVR,austres,sem_FS,13.912754,21.078692,13.912754,21.078692,7.165938,auto,0.000000,0.000000,1.000000,8.000000,True,True
SVR,austres,ftest,13.912754,21.078692,13.912754,21.078692,7.165938,auto,0.000000,0.000000,1.000000,8.000000,True,True
SVR,austres,mutualinfo,13.912754,21.078692,13.912754,17.389361,3.476607,auto,0.000000,17.502653,1.000000,5.000000,True,True
SVR,austres,rfembedded,13.912754,21.078692,13.912754,16.844431,2.931677,auto,0.000000,20.087874,1.000000,3.000000,True,True
SVR,austres,lasso,13.912754,21.078692,13.912754,21.078692,7.165938,auto,0.000000,0.000000,1.000000,8.000000,True,True
SVR,austres,rfecv,13.912754,21.078692,13.912754,18.083948,4.171194,auto,0.000000,14.207448,1.000000,6.000000,True,True
SVR,coloradoRiver,sem_FS,0.126589,0.168109,0.126589,0.168109,0.041520,auto,0.000000,0.000000,16.000000,67.000000,False,False
SVR,coloradoRiver,ftest,0.126589,0.168109,0.140534,0.175672,0.035138,auto,-11.015434,-4.498380,5.000000,20.000000,False,False
SVR,coloradoRiver,mutualinfo,0.126589,0.168109,0.160513,0.173642,0.013129,auto,-26.798240,-3.290915,9.000000,20.000000,False,False
SVR,coloradoRiver,rfembedded,0.126589,0.168109,0.145685,0.176090,0.030405,auto,-15.084897,-4.747028,4.000000,14.000000,False,False
SVR,coloradoRiver,lasso,0.126589,0.168109,0.126195,0.163349,0.037154,auto,0.311198,2.831907,15.000000,55.000000,False,False
SVR,coloradoRiver,rfecv,0.126589,0.168109,0.126589,0.179444,0.052855,auto,0.000000,-6.742180,16.000000,14.000000,False,False
SVR,samurec,sem_FS,7.119072,7.295453,7.119072,7.295453,0.176381,auto,0.000000,0.000000,15.000000,107.000000,False,False
SVR,samurec,ftest,7.119072,7.295453,7.119072,8.371311,1.252239,auto,0.000000,-14.746974,15.000000,9.000000,False,False
SVR,samurec,mutualinfo,7.119072,7.295453,7.119072,8.282873,1.163801,auto,0.000000,-13.534744,15.000000,5.000000,False,False
SVR,samurec,rfembedded,7.119072,7.295453,7.655109,7.693920,0.038811,auto,-7.529593,-5.461866,2.000000,10.000000,False,False
SVR,samurec,lasso,7.119072,7.295453,7.119072,7.726791,0.607719,auto,0.000000,-5.912429,15.000000,52.000000,False,False
SVR,samurec,rfecv,7.119072,7.295453,7.652406,7.930621,0.278215,auto,-7.491612,-8.706364,11.000000,91.000000,False,False
SVR,sunspot,sem_FS,20.349135,21.987478,20.349135,21.987478,1.638343,auto,0.000000,0.000000,9.000000,26.000000,False,False
SVR,sunspot,ftest,20.349135,21.987478,25.299833,19.260633,-6.039200,pct10,-24.328790,12.401809,5.000000,9.000000,False,False
SVR,sunspot,mutualinfo,20.349135,21.987478,25.299833,20.582074,-4.717759,pct10,-24.328790,6.391835,5.000000,5.000000,False,False
SVR,sunspot,rfembedded,20.349135,21.987478,27.313621,22.356262,-4.957359,pct10,-34.224977,-1.677249,1.000000,3.000000,False,False
SVR,sunspot,lasso,20.349135,21.987478,30.877152,25.511610,-5.365542,pct10,-51.736930,-16.027905,6.000000,9.000000,False,False
SVR,sunspot,rfecv,20.349135,21.987478,18.503525,19.620291,1.116766,auto,9.069721,10.766068,7.000000,4.000000,False,False
SVR,windspeedfortaleza,sem_FS,0.376572,0.358687,0.376572,0.358687,-0.017885,pct10,0.000000,0.000000,20.000000,13.000000,False,False
SVR,windspeedfortaleza,ftest,0.376572,0.358687,0.391119,0.417626,0.026507,auto,-3.863095,-16.431889,5.000000,9.000000,False,False
SVR,windspeedfortaleza,mutualinfo,0.376572,0.358687,0.391119,0.374959,-0.016160,pct10,-3.863095,-4.536574,5.000000,5.000000,False,False
SVR,windspeedfortaleza,rfembedded,0.376572,0.358687,0.424444,0.429983,0.005539,auto,-12.712496,-19.877176,4.000000,3.000000,False,False
SVR,windspeedfortaleza,lasso,0.376572,0.358687,0.368890,0.363422,-0.005468,pct10,2.039937,-1.320306,8.000000,4.000000,False,False
SVR,windspeedfortaleza,rfecv,0.376572,0.358687,0.366121,0.355406,-0.010715,pct10,2.775358,0.914711,18.000000,11.000000,False,False
ARIMA-MLP,airlines,sem_FS,17.436180,18.719077,17.436180,18.719077,1.282897,auto,0.000000,0.000000,20.000000,13.000000,False,False
ARIMA-MLP,airlines,ftest,17.436180,18.719077,19.115626,18.719077,-0.396549,pct10,-9.631960,0.000000,5.000000,13.000000,False,False
ARIMA-MLP,airlines,mutualinfo,17.436180,18.719077,19.675894,18.736009,-0.939885,pct10,-12.845210,-0.090457,9.000000,5.000000,False,False
ARIMA-MLP,airlines,rfembedded,17.436180,18.719077,19.403318,19.519340,0.116022,auto,-11.281933,-4.275124,7.600000,4.200000,False,False
ARIMA-MLP,airlines,lasso,17.436180,18.719077,19.736465,19.616915,-0.119550,pct10,-13.192600,-4.796384,1.000000,1.000000,False,False
ARIMA-MLP,airlines,rfecv,17.436180,18.719077,18.306924,21.964239,3.657315,auto,-4.993896,-17.336125,14.900000,11.600000,False,False
ARIMA-MLP,austres,sem_FS,19.085848,20.775953,19.085848,20.775953,1.690105,auto,0.000000,0.000000,1.000000,8.000000,True,True
ARIMA-MLP,austres,ftest,19.085848,20.775953,19.051486,20.775953,1.724467,auto,0.180042,0.000000,1.000000,8.000000,True,True
ARIMA-MLP,austres,mutualinfo,19.085848,20.775953,19.051486,20.775953,1.724467,auto,0.180042,0.000000,1.000000,8.000000,True,True
ARIMA-MLP,austres,rfembedded,19.085848,20.775953,19.051486,18.689441,-0.362045,pct10,0.180042,10.042919,1.000000,2.700000,True,True
ARIMA-MLP,austres,lasso,19.085848,20.775953,19.051486,18.852405,-0.199081, Hey, my Yeah, I don't want to talk I don't have Your pie, Okay. Hey, my name Ah, sorry, what the fuck is this? What the fuck is this? I'm dying. Did you just You I would disagree, but You know, I don't have a good one for I think Just, just Because I I got this, If I was to go to Chicago to play this, I would be able to Motto The I think I As far as I can see, as far as I This is... this is what I feel. Hey, whoa. What You know, I A gente tá indo pra Rodoviária.pct10,0.180042,9.258530,1.000000,1.000000,True,True
ARIMA-MLP,austres,rfecv,19.085848,20.775953,19.051486,20.529176,1.477690,auto,0.180042,1.187799,1.000000,6.200000,True,True
ARIMA-MLP,coloradoRiver,sem_FS,0.328696,0.390382,0.328696,0.390382,0.061686,auto,0.000000,0.000000,16.000000,67.000000,False,False
ARIMA-MLP,coloradoRiver,ftest,0.328696,0.390382,0.327025,0.327895,0.000870,auto,0.508309,16.006654,15.000000,1.000000,False,False
ARIMA-MLP,coloradoRiver,mutualinfo,0.328696,0.390382,0.330554,0.336851,0.006297,auto,-0.565389,13.712687,16.000000,15.000000,False,False
ARIMA-MLP,coloradoRiver,rfembedded,0.328696,0.390382,0.328393,0.391958,0.063565,auto,0.092052,-0.403657,4.000000,16.200000,False,False
ARIMA-MLP,coloradoRiver,lasso,0.328696,0.390382,0.326514,0.327895,0.001381,auto,0.663808,16.006654,1.000000,1.000000,False,False
ARIMA-MLP,coloradoRiver,rfecv,0.328696,0.390382,0.325176,0.401909,0.076733,auto,1.070787,-2.952750,12.100000,49.900000,False,False
ARIMA-MLP,samurec,sem_FS,6.957531,7.343398,6.957531,7.343398,0.385867,auto,0.000000,0.000000,15.000000,107.000000,False,False
ARIMA-MLP,samurec,ftest,6.957531,7.343398,6.950092,7.139393,0.189301,auto,0.106914,2.778063,5.000000,15.000000,False,False
ARIMA-MLP,samurec,mutualinfo,6.957531,7.343398,6.952427,6.894512,-0.057915,pct10,0.073351,6.112775,9.000000,20.000000,False,False
ARIMA-MLP,samurec,rfembedded,6.957531,7.343398,6.940256,7.319547,0.379291,auto,0.248291,0.324793,7.500000,41.700000,False,False
ARIMA-MLP,samurec,lasso,6.957531,7.343398,6.963461,6.951052,-0.012409,pct10,-0.085243,5.342836,1.000000,1.000000,False,False
ARIMA-MLP,samurec,rfecv,6.957531,7.343398,6.944315,7.327624,0.383309,auto,0.189946,0.214797,14.600000,86.200000,False,False
ARIMA-MLP,sunspot,sem_FS,19.072983,19.915364,19.072983,19.915364,0.842381,auto,0.000000,0.000000,9.000000,26.000000,False,False
ARIMA-MLP,sunspot,ftest,19.072983,19.915364,19.115968,18.358352,-0.757616,pct10,-0.225369,7.818145,5.000000,9.000000,False,False
ARIMA-MLP,sunspot,mutualinfo,19.072983,19.915364,19.116507,18.972365,-0.144142,pct10,-0.228197,4.735032,9.000000,15.000000,False,False
ARIMA-MLP,sunspot,rfembedded,19.072983,19.915364,18.921636,18.772949,-0.148687,pct10,0.793519,5.736351,4.000000,10.100000,False,False
ARIMA-MLP,sunspot,lasso,19.072983,19.915364,18.949572,19.253464,0.303892,auto,0.647047,3.323565,2.000000,1.000000,False,False
ARIMA-MLP,sunspot,rfecv,19.072983,19.915364,19.010646,19.760200,0.749554,auto,0.326834,0.779120,5.300000,20.500000,False,False
ARIMA-MLP,windspeedfortaleza,sem_FS,0.455899,0.397045,0.455899,0.397045,-0.058854,pct10,0.000000,0.000000,20.000000,13.000000,False,False
ARIMA-MLP,windspeedfortaleza,ftest,0.455899,0.397045,0.434925,0.409975,-0.024950,pct10,4.600429,-3.256693,5.000000,1.000000,False,False
ARIMA-MLP,windspeedfortaleza,mutualinfo,0.455899,0.397045,0.451612,0.397045,-0.054567,pct10,0.940357,0.000000,20.000000,13.000000,False,False
ARIMA-MLP,windspeedfortaleza,rfembedded,0.455899,0.397045,0.450657,0.449977,-0.000680,pct10,1.149788,-13.331590,8.400000,5.200000,False,False
ARIMA-MLP,windspeedfortaleza,lasso,0.455899,0.397045,0.399679,0.395886,-0.003793,pct10,12.331679,0.291868,1.000000,1.000000,False,False
ARIMA-MLP,windspeedfortaleza,rfecv,0.455899,0.397045,0.435670,0.404283,-0.031387,pct10,4.437117,-1.822961,14.100000,7.400000,False,False
ARIMA-SVR,airlines,sem_FS,15.166544,20.035202,15.166544,20.035202,4.868658,auto,0.000000,0.000000,20.000000,13.000000,False,False
ARIMA-SVR,airlines,ftest,15.166544,20.035202,15.166544,23.333079,8.166535,auto,0.000000,-16.460414,20.000000,9.000000,False,False
ARIMA-SVR,airlines,mutualinfo,15.166544,20.035202,15.166544,20.035202,4.868658,auto,0.000000,0.000000,20.000000,13.000000,False,False
ARIMA-SVR,airlines,rfembedded,15.166544,20.035202,19.848089,20.689996,0.841907,auto,-30.867579,-3.268217,8.000000,4.000000,False,False
ARIMA-SVR,airlines,lasso,15.166544,20.035202,19.286125,19.722575,0.436450,auto,-27.162288,1.560389,1.000000,1.000000,False,False
ARIMA-SVR,airlines,rfecv,15.166544,20.035202,14.387693,21.074936,6.687243,auto,5.135324,-5.189537,17.000000,12.000000,False,False
ARIMA-SVR,austres,sem_FS,18.911936,18.876899,18.911936,18.876899,-0.035037,pct10,0.000000,0.000000,1.000000,8.000000,True,True
ARIMA-SVR,austres,ftest,18.911936,18.876899,18.911936,21.265447,2.353511,auto,0.000000,-12.653290,1.000000,5.000000,True,True
ARIMA-SVR,austres,mutualinfo,18.911936,18.876899,18.911936,17.481562,-1.430374,pct10,0.000000,7.391771,1.000000,5.000000,True,True
ARIMA-SVR,austres,rfembedded,18.911936,18.876899,18.911936,20.321269,1.409333,auto,0.000000,-7.651524,1.000000,3.000000,True,True
ARIMA-SVR,austres,lasso,18.911936,18.876899,18.911936,18.717792,-0.194144,pct10,0.000000,0.842862,1.000000,1.000000,True,True
ARIMA-SVR,austres,rfecv,18.911936,18.876899,18.911936,23.832429,4.920493,auto,0.000000,-26.251827,1.000000,7.000000,True,True
ARIMA-SVR,coloradoRiver,sem_FS,0.336957,0.445994,0.336957,0.445994,0.109037,auto,0.000000,0.000000,16.000000,67.000000,False,False
ARIMA-SVR,coloradoRiver,ftest,0.336957,0.445994,0.319876,0.324818,0.004942,auto,5.069061,27.169881,9.000000,1.000000,False,False
ARIMA-SVR,coloradoRiver,mutualinfo,0.336957,0.445994,0.298722,0.298708,-0.000014,pct10,11.347128,33.024142,1.000000,5.000000,False,False
ARIMA-SVR,coloradoRiver,rfembedded,0.336957,0.445994,0.297139,0.368395,0.071256,auto,11.816896,17.399151,4.000000,17.000000,False,False
ARIMA-SVR,coloradoRiver,lasso,0.336957,0.445994,0.328528,0.324818,-0.003710,pct10,2.501384,27.169881,1.000000,1.000000,False,False
ARIMA-SVR,coloradoRiver,rfecv,0.336957,0.445994,0.313057,0.388774,0.075717,auto,7.092957,12.829720,11.000000,45.000000,False,False
ARIMA-SVR,samurec,sem_FS,7.549767,7.264780,7.549767,7.264780,-0.284987,pct10,0.000000,0.000000,15.000000,107.000000,False,False
ARIMA-SVR,samurec,ftest,7.549767,7.264780,7.549767,7.166828,-0.382939,pct10,0.000000,1.348305,15.000000,15.000000,False,False
ARIMA-SVR,samurec,mutualinfo,7.549767,7.264780,7.549767,7.029611,-0.520156,pct10,0.000000,3.237111,15.000000,20.000000,False,False
ARIMA-SVR,samurec,rfembedded,7.549767,7.264780,7.152692,7.303963,0.151271,auto,5.259440,-0.539355,7.000000,40.000000,False,False
ARIMA-SVR,samurec,lasso,7.549767,7.264780,6.944713,7.019826,0.075113,auto,8.014218,3.371794,1.000000,1.000000,False,False
ARIMA-SVR,samurec,rfecv,7.549767,7.264780,7.682947,7.270354,-0.412593,pct10,-1.764017,-0.076733,14.000000,88.000000,False,False
ARIMA-SVR,sunspot,sem_FS,19.265001,21.135328,19.265001,21.135328,1.870327,auto,0.000000,0.000000,9.000000,26.000000,False,False
ARIMA-SVR,sunspot,ftest,19.265001,21.135328,20.285784,19.138347,-1.147437,pct10,-5.298640,9.448543,1.000000,15.000000,False,False
ARIMA-SVR,sunspot,mutualinfo,19.265001,21.135328,19.265001,20.752916,1.487915,auto,0.000000,1.809348,9.000000,20.000000,False,False
ARIMA-SVR,sunspot,rfembedded,19.265001,21.135328,20.480786,18.387006,-2.093780,pct10,-6.310851,13.003449,4.000000,9.000000,False,False
ARIMA-SVR,sunspot,lasso,19.265001,21.135328,21.060600,18.971060,-2.089540,pct10,-9.320523,10.240047,2.000000,1.000000,False,False
ARIMA-SVR,sunspot,rfecv,19.265001,21.135328,19.433213,23.919068,4.485855,auto,-0.873151,-13.171028,6.000000,18.000000,False,False
ARIMA-SVR,windspeedfortaleza,sem_FS,0.482622,0.441626,0.482622,0.441626,-0.040996,pct10,0.000000,0.000000,20.000000,13.000000,False,False
ARIMA-SVR,windspeedfortaleza,ftest,0.482622,0.441626,0.482622,0.441626,-0.040996,pct10,0.000000,0.000000,20.000000,13.000000,False,False
ARIMA-SVR,windspeedfortaleza,mutualinfo,0.482622,0.441626,0.542709,0.579250,0.036541,auto,-12.450144,-31.163070,9.000000,9.000000,False,False
ARIMA-SVR,windspeedfortaleza,rfembedded,0.482622,0.441626,0.632192,0.535303,-0.096889,pct10,-30.991244,-21.211748,9.000000,5.000000,False,False
ARIMA-SVR,windspeedfortaleza,lasso,0.482622,0.441626,0.414850,0.397133,-0.017717,pct10,14.042412,10.074915,1.000000,1.000000,False,False
ARIMA-SVR,windspeedfortaleza,rfecv,0.482622,0.441626,0.453583,0.651702,0.198119,auto,6.016917,-47.568612,17.000000,8.000000,False,False
